id,obj_i,obj_j,status
1947,0,2,1
2317,0,4,1
4414,0,4,1
1741,0,5,1
2142,0,5,1
2335,0,5,1
2735,0,5,1
3187,0,7,1
2166,0,8,1
4087,0,8,1
3803,0,9,0
3980,0,9,1
941,0,10,1
990,0,10,1
3154,0,10,0
4941,0,10,1
4990,0,10,0
1439,0,11,1
3828,0,11,1
26,0,12,1
173,0,12,1
1174,0,12,1
4173,0,12,1
194,0,13,1
588,0,13,1
4588,0,13,0
4947,0,13,0
2419,0,15,1
414,0,16,1
4694,0,16,0
2345,0,17,1
3863,0,17,0
525,0,18,1
4525,0,18,1
4181,0,19,1
181,0,20,1
320,0,20,1
492,0,20,1
4492,0,20,0
3562,0,23,0
4026,0,23,0
243,0,24,1
3654,0,24,0
4243,0,24,0
4320,0,24,1
528,0,25,1
953,0,25,1
1151,0,25,1
1463,0,25,1
3823,0,25,0
4528,0,25,1
4953,0,25,0
2699,0,26,1
1720,0,27,1
2457,0,27,1
2553,0,27,1
2012,0,28,1
3806,0,28,0
4194,0,28,0
186,0,29,1
1655,0,29,1
2107,0,29,1
2399,0,29,1
4186,0,29,0
1786,0,31,1
2055,0,31,1
3876,0,31,1
3664,0,32,0
1301,0,33,1
2097,0,33,1
2990,0,34,1
2938,0,35,1
2830,0,37,1
3358,0,37,0
87,0,38,1
1141,0,38,1
3704,0,38,1
1730,0,41,1
2930,0,41,1
3643,0,41,1
643,0,42,1
828,0,42,1
947,0,42,1
987,0,42,1
4643,0,42,1
1107,0,43,1
2975,0,44,1
3918,0,44,0
4987,0,44,1
3941,0,45,1
127,0,46,1
694,0,46,1
4127,0,46,0
4828,0,46,1
434,0,48,1
1438,0,48,1
4434,0,48,1
2646,0,49,1
656,1,0,1
3720,1,0,0
1018,1,2,1
1313,1,2,1
3196,1,2,1
237,1,3,1
1357,1,3,1
4237,1,3,1
2767,1,4,1
2812,1,4,1
4785,1,4,1
2880,1,5,1
1395,1,7,1
3772,1,7,0
1992,1,8,1
3423,1,9,1
2025,1,10,1
2618,1,11,1
2713,1,12,1
152,1,13,1
1683,1,13,1
1817,1,14,1
358,1,15,1
3172,1,15,0
3829,1,15,0
4358,1,15,0
158,1,16,1
4390,1,16,0
154,1,17,1
3491,1,17,1
4154,1,17,1
1046,1,19,1
2015,1,19,1
2883,1,19,1
888,1,20,1
4888,1,20,1
2266,1,21,1
1409,1,22,1
1706,1,22,1
372,1,23,1
4158,1,26,0
390,1,27,1
925,1,27,1
4925,1,27,0
3440,1,28,1
96,1,30,1
126,1,30,1
2602,1,30,1
4126,1,30,1
205,1,32,1
785,1,32,1
1430,1,32,1
4205,1,32,1
341,1,33,1
3656,1,33,0
4341,1,33,0
575,1,34,1
1781,1,34,1
2442,1,34,1
2539,1,34,1
4575,1,34,1
2242,1,36,1
2475,1,36,1
4656,1,38,1
1542,1,39,1
1048,1,40,1
3192,1,40,1
3324,1,40,1
1693,1,41,1
3350,1,41,1
1273,1,42,1
1714,1,43,1
3728,1,43,0
4096,1,44,0
4372,1,44,0
2920,1,45,1
4152,1,45,0
1051,1,46,1
2341,1,46,1
1479,1,48,1
1271,1,49,1
401,2,0,1
808,2,0,1
2621,2,0,1
2989,2,0,1
4401,2,0,1
4808,2,0,0
4756,2,1,1
2460,2,3,1
2963,2,3,1
1416,2,5,1
1634,2,6,1
4465,2,6,1
920,2,7,1
2219,2,7,1
2600,2,7,1
4374,2,7,1
4609,2,7,1
2516,2,8,1
220,2,9,1
4220,2,9,1
3167,2,10,1
2222,2,11,1
217,2,12,1
4217,2,12,0
957,2,13,1
1264,2,13,1
4957,2,13,1
4970,2,13,0
1298,2,14,1
3268,2,14,0
2770,2,15,1
3589,2,15,1
3647,2,16,1
2836,2,17,1
3147,2,17,0
1746,2,19,1
230,2,21,1
826,2,21,1
4230,2,21,0
408,2,22,1
1984,2,23,1
4171,2,23,1
4738,2,23,0
287,2,24,1
919,2,24,1
3344,2,24,1
4919,2,24,0
1684,2,25,1
3639,2,25,0
2897,2,26,1
4202,2,26,1
2724,2,27,1
2884,2,27,1
3893,2,27,0
2889,2,28,1
738,2,29,1
1015,2,29,1
3003,2,31,1
4920,2,31,0
2721,2,32,1
4408,2,32,0
1131,2,34,1
12,2,35,1
465,2,35,1
756,2,35,1
896,2,35,1
1451,2,35,1
4012,2,35,0
4896,2,35,0
1579,2,36,1
260,2,37,1
609,2,37,1
1124,2,37,1
4260,2,37,0
1598,2,38,1
3016,2,38,0
247,2,39,1
1839,2,39,1
4247,2,39,1
171,2,40,1
3308,2,40,1
374,2,41,1
3216,2,41,0
4287,2,41,0
1117,2,42,1
2359,2,42,1
4826,2,42,0
841,2,45,1
4841,2,45,0
202,2,46,1
435,2,46,1
2113,2,46,1
2678,2,46,1
2933,2,46,1
2946,2,46,1
4435,2,46,1
970,2,47,1
106,2,48,1
1997,2,48,1
2250,2,48,1
3733,2,48,1
4106,2,48,0
467,2,49,1
4467,2,49,1
1256,3,0,1
3550,3,0,1
2306,3,1,1
140,3,2,1
553,3,2,1
903,3,6,1
3281,3,6,1
4903,3,6,0
622,3,7,1
2440,3,7,1
4622,3,7,0
4218,3,8,1
1635,3,9,1
3262,3,9,1
3759,3,9,0
182,3,10,1
630,3,10,1
4630,3,10,1
3006,3,11,0
4760,3,11,1
4885,3,11,0
302,3,12,1
1404,3,12,1
1528,3,12,1
2336,3,12,1
4302,3,12,0
4538,3,12,0
3686,3,14,1
735,3,15,1
1163,3,15,1
3232,3,15,1
4735,3,15,0
1640,3,16,1
584,3,18,1
1520,3,18,1
1898,3,18,1
4584,3,18,1
1981,3,19,1
3404,3,19,0
3965,3,19,0
3578,3,20,1
538,3,21,1
774,3,21,1
4774,3,21,0
2730,3,22,1
2787,3,22,1
1889,3,23,1
2597,3,23,1
2759,3,24,1
4553,3,24,0
4051,3,25,0
3521,3,27,1
760,3,29,1
4140,3,29,1
4182,3,29,0
2184,3,30,1
475,3,31,1
4475,3,31,1
1998,3,33,1
3439,3,33,1
3120,3,34,1
885,3,35,1
4723,3,36,1
3951,3,37,0
51,3,38,1
1263,3,38,1
2677,3,38,1
3024,3,38,1
3517,3,38,0
62,3,39,1
218,3,39,1
556,3,39,1
1050,3,39,1
1631,3,39,1
2420,3,39,1
4062,3,39,1
4556,3,39,0
1955,3,40,1
2126,3,40,1
2862,3,40,1
874,3,42,1
4874,3,42,0
1284,3,43,1
3171,3,43,1
3352,3,43,1
1529,3,44,1
4021,3,44,1
1248,3,45,1
523,3,46,1
723,3,46,1
3744,3,46,0
4523,3,46,0
21,3,47,1
2549,3,47,1
3497,3,47,0
201,3,48,1
4201,3,48,0
1695,3,49,1
3330,3,49,1
824,4,0,1
4253,4,0,1
1091,4,1,1
354,4,2,1
4354,4,2,1
3927,4,3,1
4145,4,3,0
978,4,5,1
3577,4,5,1
2526,4,7,1
453,4,8,1
1276,4,8,1
4453,4,8,1
842,4,11,1
145,4,12,1
1735,4,12,1
3004,4,12,0
340,4,13,1
1440,4,13,1
3551,4,13,1
4061,4,13,1
4720,4,13,0
792,4,15,1
3645,4,15,0
4792,4,15,1
1075,4,17,1
2647,4,17,1
3110,4,17,0
1224,4,18,1
3035,4,18,0
3634,4,18,1
4842,4,18,1
3466,4,19,0
657,4,20,1
2789,4,20,1
3354,4,20,0
4657,4,20,1
225,4,21,1
2264,4,21,1
4225,4,21,0
2384,4,22,1
1802,4,23,1
300,4,24,1
3631,4,24,0
2843,4,25,1
1611,4,27,1
1797,4,27,1
3331,4,27,0
3846,4,27,0
346,4,28,1
3653,4,28,0
4346,4,28,0
1379,4,29,1
4300,4,29,0
798,4,30,1
2780,4,30,1
4798,4,30,0
2000,4,31,1
3416,4,31,1
3982,4,31,1
4898,4,32,1
1356,4,33,1
1370,4,33,1
4443,4,33,1
2291,4,34,1
61,4,35,1
298,4,36,1
4340,4,36,0
2183,4,37,1
4824,4,37,0
277,4,38,1
4277,4,38,0
4931,4,38,0
443,4,39,1
571,4,39,1
2932,4,39,1
3031,4,39,0
3158,4,39,0
3968,4,39,1
4571,4,39,1
3695,4,40,0
4298,4,40,0
3149,4,41,1
720,4,42,1
931,4,42,1
3200,4,42,1
3687,4,43,0
1128,4,44,1
3135,4,44,1
81,4,45,1
132,4,45,1
253,4,45,1
898,4,45,1
2224,4,45,1
4081,4,45,1
4132,4,45,0
4978,4,46,0
719,4,47,1
1875,4,47,1
2378,4,47,1
2950,4,47,1
4719,4,47,1
272,4,48,1
4272,4,48,1
3128,4,49,1
3174,4,49,0
802,5,0,1
1728,5,0,1
4802,5,0,0
324,5,1,1
413,5,1,1
3702,5,1,0
3860,5,1,1
3979,5,1,1
3973,5,2,1
3671,5,3,1
8,5,4,1
1663,5,4,1
3401,5,4,0
3985,5,4,0
1905,5,7,1
2497,5,7,1
963,5,8,1
2159,5,8,1
2615,5,8,1
3984,5,8,1
4037,5,8,0
4469,5,8,0
4963,5,8,1
2208,5,9,1
4339,5,9,1
2458,5,11,1
1337,5,12,1
4324,5,12,1
1606,5,13,1
440,5,14,1
1410,5,14,1
1680,5,14,1
3433,5,14,0
3584,5,14,0
4355,5,14,1
4440,5,14,1
1903,5,15,1
2509,5,15,1
3897,5,15,0
1352,5,16,1
67,5,17,1
3668,5,18,0
3901,5,18,1
2445,5,20,1
3334,5,20,0
2282,5,21,1
3161,5,21,0
3367,5,21,1
37,5,22,1
1300,5,22,1
4008,5,22,0
246,5,23,1
339,5,23,1
2179,5,23,1
2358,5,23,1
3919,5,24,1
493,5,25,1
2784,5,25,1
4493,5,25,1
1732,5,26,1
2858,5,26,1
355,5,27,1
2365,5,27,1
4563,5,28,1
894,5,29,1
3048,5,29,1
4894,5,29,1
913,5,30,1
4913,5,30,0
469,5,31,1
713,5,31,1
4713,5,31,1
2337,5,32,1
3435,5,34,1
3640,5,34,0
3709,5,34,0
2757,5,36,1
3545,5,36,0
4246,5,36,1
946,5,38,1
1874,5,38,1
4946,5,38,1
1087,5,39,1
2200,5,39,1
2845,5,39,1
3355,5,39,1
1475,5,40,1
3469,5,40,0
3862,5,40,1
4067,5,41,1
4144,5,41,0
144,5,42,1
1149,5,42,1
3648,5,42,0
3970,5,42,0
563,5,43,1
3903,5,43,1
1883,5,44,1
3075,5,44,1
3911,5,44,1
682,5,45,1
4682,5,45,0
3991,5,46,0
1593,5,47,1
2538,5,47,1
3760,5,48,1
3768,5,48,0
1035,5,49,1
4413,5,49,0
641,6,0,1
895,6,0,1
2829,6,0,1
3319,6,0,0
4895,6,0,0
4251,6,1,0
344,6,3,1
1726,6,3,1
2992,6,3,1
3931,6,3,0
2163,6,4,1
1406,6,5,1
4641,6,5,1
9,6,7,1
1807,6,7,1
2045,6,7,1
2204,6,7,1
4009,6,7,1
317,6,8,1
4344,6,8,1
193,6,9,1
980,6,9,1
3885,6,10,0
2921,6,11,1
3898,6,11,1
943,6,12,1
2125,6,12,1
4980,6,12,1
1639,6,13,1
1784,6,13,1
68,6,15,1
2315,6,15,1
2686,6,15,1
4068,6,15,0
4943,6,16,0
1387,6,17,1
2176,6,18,1
2461,6,18,1
4193,6,19,0
2093,6,20,1
3610,6,20,1
1704,6,21,1
3801,6,21,1
2714,6,23,1
3116,6,23,1
1576,6,24,1
4506,6,24,0
506,6,25,1
579,6,25,1
2389,6,26,1
2815,6,26,1
133,6,27,1
689,6,27,1
1071,6,27,1
4133,6,27,0
4579,6,27,0
4689,6,27,0
1550,6,28,1
1843,6,28,1
3273,6,30,0
1925,6,31,1
3981,6,31,0
582,6,32,1
3608,6,32,0
4582,6,32,0
2069,6,33,1
2234,6,33,1
2196,6,34,1
2808,6,34,1
3456,6,34,1
4317,6,35,0
3507,6,36,0
1826,6,37,1
3219,6,37,0
3762,6,37,0
3906,6,38,0
2342,6,39,1
729,6,41,1
1006,6,41,1
1995,6,41,1
4729,6,41,1
1907,6,43,1
2712,6,43,1
2896,6,43,1
3342,6,43,1
633,6,44,1
2213,6,44,1
3186,6,44,0
4633,6,44,1
1775,6,46,1
3168,6,46,0
3225,6,46,0
3383,6,46,1
3677,6,46,1
2441,6,47,1
3539,6,48,1
251,6,49,1
2329,6,49,1
1909,7,0,1
3166,7,0,0
3303,7,0,1
1865,7,1,1
2260,7,2,1
2386,7,2,1
2772,7,2,1
3082,7,3,0
4843,7,3,0
1739,7,4,1
2426,7,4,1
3136,7,4,0
909,7,5,1
2718,7,5,1
54,7,6,1
3457,7,6,1
3879,7,6,1
4054,7,6,0
3899,7,8,1
3679,7,9,1
757,7,10,1
1486,7,10,1
2802,7,10,1
4757,7,10,0
585,7,12,1
1024,7,12,1
2218,7,12,1
3360,7,12,0
4585,7,12,1
1049,7,14,1
239,7,15,1
1873,7,15,1
2959,7,16,1
2022,7,17,1
1005,7,18,1
2133,7,18,1
4938,7,18,1
184,7,19,1
676,7,20,1
1353,7,20,1
2839,7,20,1
4676,7,20,1
4326,7,21,0
937,7,22,1
2136,7,22,1
2096,7,23,1
4508,7,23,0
2404,7,24,1
2676,7,24,1
4937,7,25,0
508,7,26,1
4823,7,26,1
396,7,27,1
1585,7,27,1
2746,7,27,1
2868,7,28,1
4960,7,28,0
1133,7,29,1
3942,7,29,0
4033,7,29,1
843,7,30,1
960,7,30,1
1460,7,30,1
850,7,31,1
2286,7,31,1
3114,7,31,0
4239,7,31,0
4850,7,31,1
2368,7,32,1
33,7,33,1
2146,7,34,1
2400,7,34,1
2438,7,34,1
3537,7,34,1
1566,7,35,1
4396,7,36,1
2518,7,37,1
276,7,38,1
1059,7,38,1
1996,7,38,1
2698,7,38,1
3665,7,38,1
3765,7,38,0
4276,7,38,1
4909,7,38,1
1599,7,40,1
2104,7,40,1
274,7,42,1
666,7,42,1
4274,7,42,0
4666,7,42,0
2168,7,43,1
2318,7,43,1
1932,7,44,1
418,7,45,1
4418,7,45,0
94,7,46,1
326,7,46,1
823,7,46,1
1866,7,46,1
4094,7,46,1
3572,7,47,1
938,7,48,1
2071,7,48,1
4184,7,48,1
2945,7,49,1
2982,7,49,1
3866,7,49,1
14,8,0,1
2258,8,0,1
2762,8,0,1
468,8,1,1
4468,8,1,0
1747,8,2,1
3963,8,2,0
586,8,3,1
767,8,3,1
857,8,3,1
1274,8,3,1
4767,8,3,1
1125,8,4,1
1403,8,4,1
1919,8,4,1
1969,8,4,1
2546,8,4,1
3907,8,4,1
628,8,7,1
119,8,9,1
1126,8,9,1
1368,8,9,1
1530,8,9,1
2737,8,9,1
2824,8,9,1
3544,8,9,0
3558,8,9,0
4119,8,9,0
4857,8,10,0
1625,8,11,1
423,8,12,1
1187,8,12,1
1493,8,12,1
4423,8,12,0
4573,8,12,1
2197,8,13,1
2469,8,14,1
3408,8,14,1
4014,8,14,1
3034,8,16,0
590,8,18,1
4590,8,18,0
1066,8,19,1
1757,8,19,1
1813,8,19,1
420,8,21,1
1719,8,21,1
3660,8,21,0
1627,8,22,1
4610,8,22,0
2148,8,23,1
2542,8,23,1
2024,8,24,1
3300,8,24,0
3381,8,24,1
3777,8,24,0
473,8,25,1
2402,8,25,1
4473,8,25,0
3993,8,27,1
4420,8,27,0
1062,8,28,1
1871,8,31,1
3247,8,31,1
3241,8,32,0
1,8,33,1
70,8,33,1
3855,8,33,0
4070,8,33,1
1292,8,34,1
267,8,35,1
3156,8,35,0
4267,8,35,1
534,8,36,1
591,8,36,1
2530,8,36,1
3790,8,36,1
4534,8,36,1
1323,8,37,1
3231,8,37,0
4628,8,37,1
500,8,38,1
1583,8,38,1
1708,8,38,1
4586,8,38,1
1360,8,39,1
3261,8,39,1
426,8,40,1
1021,8,40,1
1203,8,40,1
1959,8,40,1
148,8,42,1
711,8,42,1
2940,8,42,1
4148,8,42,1
4591,8,42,1
4711,8,42,0
830,8,44,1
1287,8,44,1
3541,8,44,1
4830,8,44,0
610,8,45,1
3429,8,45,1
1211,8,46,1
4500,8,46,0
573,8,47,1
2023,8,47,1
3134,8,47,1
4001,8,47,0
1923,8,48,1
2742,8,48,1
1381,8,49,1
2987,8,49,1
3929,8,49,1
4426,8,49,0
2418,9,0,1
950,9,1,1
2949,9,1,1
3536,9,1,0
4089,9,1,1
1384,9,2,1
1689,9,2,1
3614,9,2,1
210,9,3,1
2851,9,3,1
4188,9,3,0
4444,9,3,0
1159,9,5,1
1803,9,5,1
668,9,6,1
1307,9,6,1
4271,9,6,1
4668,9,6,1
444,9,7,1
1468,9,7,1
1971,9,7,1
479,9,8,1
877,9,8,1
606,9,10,1
2838,9,10,1
4479,9,10,1
870,9,11,1
2816,9,11,1
2855,9,11,1
4950,9,11,0
1088,9,12,1
1697,9,12,1
3603,9,12,0
1481,9,13,1
2088,9,13,1
1471,9,14,1
2313,9,14,1
1444,9,15,1
1977,9,15,1
3620,9,15,1
4509,9,15,1
881,9,16,1
1756,9,16,1
2610,9,16,1
4650,9,16,1
4881,9,16,1
3819,9,17,0
1012,9,18,1
2846,9,19,1
4210,9,20,1
4606,9,20,0
271,9,21,1
741,9,21,1
2700,9,21,1
89,9,22,1
2472,9,23,1
212,9,24,1
384,9,24,1
188,9,25,1
707,9,25,1
1551,9,25,1
4707,9,25,1
1767,9,26,1
3123,9,26,0
3394,9,27,0
4819,9,27,0
1851,9,28,1
3872,9,28,1
137,9,29,1
203,9,29,1
509,9,29,1
819,9,29,1
1213,9,29,1
3341,9,29,1
3840,9,29,1
4137,9,29,0
3421,9,30,0
3424,9,30,1
4203,9,30,0
4870,9,30,1
4877,9,30,0
3426,9,31,0
3784,9,31,1
3831,9,31,1
1093,9,32,1
125,9,34,1
1232,9,34,1
4125,9,34,0
4283,9,34,0
1536,9,35,1
2230,9,35,1
2465,9,36,1
1722,9,37,1
1770,9,37,1
3575,9,37,1
4384,9,37,0
3847,9,39,1
273,9,40,1
529,9,40,1
1167,9,40,1
4273,9,40,1
4529,9,40,0
1349,9,41,1
2265,9,41,1
2481,9,41,1
4212,9,41,1
2561,9,42,1
3713,9,42,1
283,9,43,1
705,9,44,1
2377,9,44,1
2599,9,44,1
4705,9,44,1
1252,9,45,1
1824,9,45,1
650,9,46,1
1338,9,46,1
758,9,48,1
1378,9,48,1
2223,9,48,1
4741,9,48,1
4758,9,48,1
1238,9,49,1
2038,9,49,1
3914,9,49,1
660,10,0,1
3721,10,2,0
1940,10,3,1
3675,10,3,1
3714,10,3,0
1219,10,6,1
1846,10,7,1
1157,10,8,1
3099,10,8,1
1258,10,9,1
4660,10,9,0
4695,10,11,1
4986,10,11,1
2436,10,12,1
3041,10,12,0
71,10,13,1
595,10,13,1
2153,10,13,1
4595,10,13,1
2981,10,14,1
294,10,15,1
4294,10,15,1
4649,10,16,0
695,10,17,1
2231,10,17,1
382,10,18,1
4382,10,18,1
4911,10,18,1
4922,10,18,1
498,10,19,1
977,10,19,1
1089,10,19,1
4071,10,19,1
4498,10,19,1
1924,10,20,1
3810,10,20,0
976,10,21,1
2226,10,21,1
3260,10,21,1
3781,10,21,1
4976,10,21,0
1665,10,22,1
2794,10,22,1
3180,10,22,0
4150,10,22,0
911,10,23,1
2455,10,23,1
4977,10,23,0
1222,10,24,1
1608,10,24,1
1734,10,24,1
1908,10,24,1
2556,10,26,1
1241,10,27,1
1524,10,27,1
1688,10,27,1
3000,10,27,1
502,10,28,1
3333,10,28,1
674,10,30,1
1500,10,30,1
2354,10,30,1
3320,10,30,1
3940,10,30,1
4674,10,30,0
2727,10,31,1
192,10,32,1
4192,10,32,1
303,10,33,1
986,10,33,1
3107,10,33,0
4303,10,33,0
1311,10,34,1
1819,10,34,1
2893,10,34,1
3249,10,34,0
3909,10,34,0
3983,10,34,0
764,10,36,1
1431,10,36,1
4764,10,36,0
150,10,37,1
1769,10,37,1
281,10,38,1
3137,10,38,0
4281,10,38,1
922,10,39,1
2555,10,40,1
3028,10,40,1
3191,10,40,1
4502,10,40,1
998,10,41,1
3293,10,41,0
168,10,42,1
359,10,42,1
910,10,42,1
1290,10,42,1
3884,10,42,0
4168,10,42,1
4359,10,42,1
464,10,43,1
4464,10,43,0
614,10,44,1
2063,10,45,1
2680,10,45,1
2634,10,46,1
2656,10,47,1
4614,10,47,0
4910,10,47,0
805,10,48,1
3242,10,48,1
4998,10,48,1
649,10,49,1
2100,10,49,1
4805,10,49,0
95,11,1,1
4095,11,1,1
1055,11,2,1
1135,11,3,1
2577,11,3,1
2887,11,3,1
3253,11,3,1
2324,11,4,1
2866,11,5,1
141,11,6,1
3530,11,6,0
4141,11,6,0
4928,11,6,1
363,11,7,1
1077,11,7,1
3881,11,7,0
4527,11,8,1
4583,11,8,1
328,11,9,1
1402,11,9,1
1939,11,9,1
2626,11,9,1
4328,11,9,0
1397,11,10,1
1556,11,10,1
2046,11,10,1
1963,11,13,1
3279,11,13,1
3789,11,13,0
3851,11,13,1
1342,11,14,1
1108,11,15,1
3392,11,15,1
2522,11,16,1
3045,11,17,1
4405,11,17,1
3518,11,18,1
997,11,19,1
1709,11,19,1
4363,11,19,1
482,11,20,1
1617,11,20,1
2080,11,20,1
3323,11,20,1
4482,11,20,0
613,11,22,1
2667,11,22,1
962,11,23,1
1983,11,23,1
3042,11,24,1
3511,11,24,1
2032,11,26,1
2795,11,26,1
4537,11,26,1
928,11,27,1
1495,11,27,1
2235,11,27,1
751,11,28,1
1514,11,28,1
4751,11,28,0
739,11,30,1
1768,11,30,1
2081,11,30,1
3573,11,30,1
4739,11,30,0
446,11,31,1
3278,11,31,0
4446,11,31,0
4962,11,32,1
3461,11,33,1
3856,11,33,0
3992,11,33,0
438,11,34,1
2344,11,34,1
3524,11,34,0
4438,11,34,0
1427,11,35,1
3063,11,36,1
3362,11,36,0
3519,11,37,1
3869,11,37,1
634,11,38,1
1364,11,38,1
3304,11,38,1
4634,11,38,1
1699,11,39,1
2017,11,39,1
2401,11,39,1
1676,11,40,1
1422,11,41,1
2186,11,41,1
405,11,42,1
583,11,42,1
3646,11,42,1
4613,11,42,1
527,11,43,1
2349,11,43,1
3311,11,43,0
3018,11,44,1
3093,11,44,1
3839,11,44,1
3937,11,44,1
4997,11,44,1
2195,11,45,1
490,11,46,1
4490,11,46,1
2102,11,47,1
3346,11,47,0
1212,11,48,1
1246,11,48,1
537,11,49,1
1042,11,49,1
2915,12,1,1
878,12,3,1
2664,12,3,1
3117,12,3,1
3662,12,3,0
4347,12,3,0
3267,12,4,1
755,12,5,1
955,12,5,1
1335,12,5,1
2138,12,5,1
2211,12,5,1
3288,12,5,1
4755,12,5,0
4955,12,5,1
1204,12,6,1
3988,12,6,1
2850,12,7,1
2956,12,7,1
4878,12,8,1
2641,12,9,1
3097,12,9,1
160,12,10,1
1209,12,10,1
1696,12,10,1
4160,12,10,0
1502,12,11,1
3729,12,11,0
222,12,13,1
2454,12,13,1
4222,12,13,0
4536,12,13,0
2037,12,14,1
2280,12,14,1
536,12,15,1
1445,12,15,1
1727,12,15,1
2056,12,16,1
2403,12,16,1
3245,12,16,1
2550,12,18,1
681,12,19,1
1616,12,19,1
2810,12,19,1
4681,12,19,0
1376,12,20,1
4565,12,20,1
2571,12,21,1
415,12,22,1
2653,12,23,1
3652,12,24,0
290,12,25,1
4822,12,26,0
123,12,27,1
2036,12,27,1
3964,12,27,0
4290,12,27,0
2209,12,29,1
846,12,30,1
347,12,31,1
1461,12,31,1
2043,12,31,1
3179,12,32,0
4035,12,32,1
1176,12,33,1
1454,12,33,1
2592,12,33,1
999,12,34,1
2451,12,34,1
4999,12,34,1
822,12,36,1
1185,12,36,1
4415,12,36,0
35,12,37,1
1584,12,37,1
75,12,38,1
2137,12,38,1
1742,12,39,1
2094,12,39,1
3623,12,39,0
4921,12,39,1
48,12,41,1
2660,12,41,1
2707,12,41,1
4048,12,41,1
4846,12,42,0
2674,12,43,1
4075,12,43,1
2563,12,44,1
3065,12,44,0
345,12,45,1
4123,12,45,0
4345,12,45,1
3286,12,46,1
865,12,47,1
4865,12,47,0
187,12,48,1
921,12,48,1
4187,12,48,1
565,12,49,1
845,12,49,1
4845,12,49,1
2717,13,0,1
2801,13,0,1
3853,13,0,0
2171,13,1,1
2175,13,2,1
2308,13,3,1
73,13,4,1
136,13,4,1
1450,13,4,1
1892,13,4,1
4136,13,4,1
1080,13,5,1
2001,13,5,1
92,13,6,1
242,13,6,1
2269,13,6,1
2427,13,6,1
3307,13,6,1
4242,13,6,0
1354,13,7,1
4092,13,7,0
3669,13,8,1
3627,13,9,1
306,13,10,1
1419,13,10,1
3007,13,10,1
2979,13,11,1
4825,13,11,1
1989,13,12,1
992,13,18,1
4992,13,18,0
1072,13,19,1
1382,13,19,1
2593,13,19,1
2790,13,19,1
625,13,20,1
4625,13,20,1
3182,13,21,1
3198,13,22,1
3576,13,22,1
385,13,24,1
1644,13,24,1
2239,13,24,1
4385,13,24,0
1623,13,25,1
4088,13,26,0
2689,13,27,1
4632,13,27,1
398,13,28,1
2293,13,28,1
2974,13,28,1
4398,13,28,1
88,13,29,1
1139,13,29,1
2277,13,29,1
3552,13,29,1
3505,13,30,1
763,13,31,1
1179,13,31,1
1764,13,31,1
3105,13,32,0
4306,13,33,0
2997,13,35,0
3957,13,35,1
1795,13,36,1
3565,13,36,1
639,13,37,1
4639,13,37,1
1837,13,38,1
3368,13,38,0
3455,13,38,0
3628,13,38,0
4763,13,38,1
1084,13,39,1
1239,13,39,1
2704,13,39,1
4073,13,40,0
2092,13,41,1
683,13,42,1
2276,13,42,1
2939,13,42,1
3313,13,42,1
4683,13,42,0
1548,13,43,1
1462,13,44,1
1588,13,44,1
2040,13,45,1
2937,13,45,1
632,13,47,1
825,13,47,1
1763,13,47,1
724,13,48,1
1277,13,48,1
3514,13,48,0
4724,13,48,1
2931,14,0,1
1590,14,1,1
1967,14,1,1
4599,14,1,1
2160,14,2,1
4138,14,2,0
4810,14,2,1
4975,14,2,1
1516,14,3,1
1723,14,3,1
3609,14,3,1
1175,14,4,1
1282,14,4,1
1988,14,4,1
975,14,5,1
1154,14,5,1
2018,14,5,1
3051,14,5,0
3515,14,5,1
2655,14,6,1
2803,14,6,1
3764,14,6,1
2141,14,7,1
1643,14,8,1
3730,14,8,0
4206,14,8,1
3681,14,9,1
1559,14,10,1
3239,14,10,1
2912,14,11,1
779,14,12,1
3371,14,12,0
3399,14,13,0
4779,14,13,0
599,14,15,1
2332,14,15,1
3804,14,15,0
2237,14,16,1
2766,14,16,1
3066,14,16,1
3555,14,16,0
1950,14,17,1
138,14,18,1
206,14,18,1
1501,14,18,1
1473,14,19,1
2244,14,19,1
3737,14,19,0
4460,14,19,0
1572,14,21,1
2907,14,21,1
485,14,22,1
3069,14,22,1
4130,14,25,0
3657,14,26,0
3596,14,27,0
1628,14,28,1
3534,14,28,1
1686,14,29,1
2067,14,30,1
3019,14,30,0
1758,14,32,1
3125,14,32,0
142,14,35,1
3548,14,35,0
4142,14,35,1
130,14,36,1
1965,14,37,1
3615,14,38,1
3696,14,38,1
562,14,39,1
4562,14,39,0
3458,14,40,0
3689,14,40,0
494,14,41,1
810,14,41,1
1319,14,41,1
818,14,42,1
2908,14,42,1
4485,14,42,0
4818,14,42,1
189,14,43,1
460,14,43,1
4189,14,43,0
1202,14,44,1
447,14,45,1
4447,14,45,1
1388,14,46,1
4494,14,46,0
441,14,47,1
1193,14,47,1
3306,14,47,1
4441,14,47,1
111,14,48,1
2796,14,48,1
4111,14,48,0
2296,14,49,1
2586,14,49,1
858,15,0,1
1890,15,0,1
2617,15,0,1
3387,15,0,1
4380,15,0,0
4858,15,0,0
1243,15,1,1
1597,15,1,1
4450,15,1,1
284,15,2,1
1217,15,2,1
4559,15,2,0
3089,15,4,1
2532,15,6,1
3574,15,6,1
63,15,7,1
1457,15,7,1
1831,15,7,1
4063,15,7,0
1240,15,8,1
652,15,9,1
4652,15,9,1
1575,15,10,1
1845,15,10,1
3723,15,10,0
3430,15,11,1
1183,15,13,1
3118,15,13,1
1682,15,14,1
254,15,16,1
450,15,16,1
2582,15,16,1
4254,15,16,0
2435,15,17,1
2864,15,17,1
4101,15,17,1
1829,15,18,1
3775,15,18,0
4973,15,18,0
32,15,19,1
4032,15,19,0
2338,15,20,1
2406,15,20,1
3617,15,22,1
143,15,23,1
1990,15,23,1
2570,15,23,1
3422,15,23,0
4143,15,23,0
4478,15,23,0
2367,15,24,1
2788,15,25,1
3015,15,25,0
3566,15,25,1
3833,15,25,0
2228,15,26,1
2885,15,26,1
3291,15,26,1
3958,15,26,1
1390,15,28,1
2547,15,28,1
3808,15,28,1
1666,15,30,1
4284,15,30,1
1109,15,31,1
2666,15,34,1
380,15,36,1
3682,15,36,0
101,15,37,1
559,15,37,1
832,15,37,1
3858,15,37,0
4832,15,37,1
1752,15,39,1
3143,15,39,0
3407,15,39,0
3976,15,39,0
1244,15,41,1
3152,15,41,1
783,15,42,1
1058,15,42,1
1872,15,42,1
3583,15,42,1
4783,15,42,1
318,15,43,1
478,15,43,1
4318,15,43,1
973,15,46,1
1161,15,46,1
1859,15,46,1
488,15,47,1
1810,15,47,1
4488,15,47,0
1358,15,48,1
1645,16,1,1
2203,16,1,1
2625,16,1,1
3214,16,1,0
3513,16,1,0
1367,16,2,1
4221,16,2,1
38,16,3,1
1399,16,3,1
1568,16,3,1
2613,16,3,1
501,16,4,1
1345,16,4,1
1586,16,4,1
3848,16,4,0
4501,16,4,1
1017,16,5,1
3936,16,5,0
1563,16,6,1
2416,16,6,1
3169,16,6,1
3460,16,6,1
3832,16,6,0
4647,16,6,0
139,16,7,1
1718,16,7,1
2607,16,7,1
3798,16,7,0
4139,16,7,0
647,16,8,1
1165,16,8,1
1841,16,8,1
3525,16,8,0
3298,16,9,1
1060,16,10,1
2588,16,10,1
2978,16,10,1
611,16,11,1
1361,16,11,1
3164,16,11,1
3867,16,11,0
2288,16,12,1
2941,16,12,1
2957,16,12,1
1233,16,13,1
2761,16,13,1
3587,16,13,0
3959,16,13,0
1849,16,14,1
3962,16,14,0
867,16,15,1
1935,16,15,1
2793,16,15,1
3444,16,15,0
3535,16,15,1
4561,16,15,0
4867,16,15,1
3266,16,18,1
3473,16,19,1
1713,16,20,1
2397,16,20,1
1194,16,21,1
3651,16,21,1
3052,16,22,0
515,16,23,1
1086,16,23,1
4515,16,23,1
97,16,27,1
561,16,27,1
2220,16,27,1
3263,16,27,1
3271,16,27,1
4097,16,27,1
576,16,28,1
2892,16,28,1
2736,16,29,1
2901,16,30,1
1868,16,31,1
2564,16,32,1
4576,16,32,0
1134,16,33,1
1899,16,35,1
3228,16,35,0
3989,16,35,0
2923,16,36,1
3755,16,36,1
566,16,37,1
1878,16,37,1
3752,16,37,1
4566,16,37,0
4038,16,39,1
221,16,40,1
1435,16,40,1
1749,16,40,1
3057,16,40,0
1178,16,41,1
3712,16,41,0
4611,16,42,1
4897,16,43,0
2781,16,44,1
572,16,46,1
4572,16,46,1
560,16,47,1
897,16,47,1
2777,16,47,1
2811,16,47,1
4560,16,47,1
1177,16,48,1
2082,16,48,1
2644,16,48,1
78,17,0,1
1844,17,0,1
3122,17,0,1
3821,17,0,0
2624,17,1,1
2831,17,1,1
3398,17,1,0
1738,17,3,1
91,17,4,1
1436,17,4,1
3463,17,4,0
1574,17,5,1
3046,17,5,0
940,17,6,1
4940,17,6,0
686,17,7,1
1601,17,8,1
120,17,9,1
3203,17,9,1
4120,17,9,0
4313,17,9,0
223,17,11,1
4223,17,11,1
840,17,12,1
852,17,12,1
904,17,12,1
1321,17,12,1
2087,17,12,1
4078,17,12,0
4840,17,12,0
4852,17,12,1
592,17,13,1
1946,17,13,1
4592,17,13,0
4091,17,14,0
1098,17,15,1
1057,17,18,1
1774,17,18,1
2545,17,18,1
3217,17,19,0
804,17,20,1
4804,17,20,0
2876,17,22,1
875,17,23,1
912,17,23,1
4912,17,23,1
3774,17,24,0
4904,17,24,1
311,17,25,1
1535,17,25,1
1961,17,25,1
4311,17,25,1
4875,17,25,1
692,17,26,1
3366,17,26,1
4692,17,26,1
313,17,27,1
2029,17,27,1
4686,17,27,0
419,17,28,1
1153,17,29,1
1661,17,29,1
2120,17,29,1
3471,17,29,0
4185,17,29,1
2298,17,30,1
2307,17,30,1
3974,17,30,0
1465,17,31,1
2434,17,31,1
1881,17,32,1
368,17,34,1
2273,17,34,1
4368,17,34,1
116,17,35,1
1164,17,35,1
4116,17,35,0
2778,17,36,1
4419,17,36,1
2943,17,38,1
1230,17,39,1
3258,17,39,1
3442,17,39,0
121,17,40,1
185,17,40,1
4121,17,40,0
3026,17,43,1
3275,17,43,0
1681,17,44,1
2916,17,44,1
3190,17,44,0
748,17,45,1
2049,17,45,1
3236,17,45,0
4748,17,45,1
886,17,46,1
2965,17,46,1
2971,17,46,1
4886,17,46,1
3697,17,47,0
2927,17,48,1
768,17,49,1
942,17,49,1
4768,17,49,0
4942,17,49,0
3549,18,0,0
3071,18,3,0
491,18,4,1
849,18,4,1
2065,18,4,1
2879,18,4,1
744,18,5,1
1396,18,5,1
2115,18,5,1
2525,18,5,1
4967,18,5,0
60,18,6,1
557,18,6,1
665,18,6,1
1972,18,6,1
4060,18,6,1
409,18,7,1
944,18,7,1
4944,18,7,0
618,18,8,1
4618,18,8,0
1016,18,9,1
1545,18,9,1
3649,18,9,0
4409,18,10,1
3348,18,12,1
3434,18,13,1
19,18,14,1
4557,18,14,0
180,18,15,1
3800,18,15,0
4849,18,15,1
1446,18,16,1
3083,18,17,1
1772,18,19,1
3388,18,19,1
1482,18,20,1
2380,18,20,1
1553,18,21,1
3921,18,21,0
1538,18,22,1
1896,18,22,1
574,18,23,1
1030,18,24,1
967,18,25,1
3508,18,25,1
2320,18,27,1
3159,18,27,0
4019,18,27,0
1780,18,29,1
2201,18,29,1
2124,18,30,1
2566,18,32,1
3011,18,32,0
3922,18,32,0
4744,18,32,0
1316,18,33,1
3056,18,33,1
3601,18,33,0
4180,18,33,1
4574,18,33,1
2973,18,34,1
1729,18,35,1
2809,18,36,1
3554,18,36,0
2051,18,37,1
3523,18,37,0
3693,18,37,0
1917,18,38,1
98,18,39,1
1207,18,39,1
3746,18,39,1
4098,18,39,0
1521,18,40,1
4491,18,41,1
1101,18,42,1
3793,18,42,0
1405,18,43,1
2240,18,43,1
2485,18,43,1
4665,18,43,0
1004,18,44,1
3977,18,44,1
3479,18,45,1
238,18,47,1
1294,18,47,1
3690,18,47,0
3703,18,47,0
4238,18,47,1
2773,18,48,1
3369,18,48,1
1904,19,0,1
3061,19,0,1
1577,19,1,1
2705,19,3,1
3189,19,4,1
2760,19,5,1
667,19,6,1
1186,19,6,1
4543,19,6,0
42,19,7,1
879,19,7,1
2059,19,7,1
2494,19,7,1
167,19,8,1
4167,19,8,0
190,19,10,1
1423,19,10,1
3285,19,10,1
307,19,11,1
449,19,11,1
1269,19,11,1
1897,19,11,1
2193,19,11,1
4449,19,11,0
157,19,13,1
1054,19,13,1
4157,19,13,0
1079,19,14,1
2352,19,14,1
3438,19,14,1
2972,19,15,1
983,19,16,1
1527,19,16,1
4190,19,16,0
4983,19,16,1
2573,19,17,1
1887,19,18,1
2379,19,18,1
3199,19,20,0
3606,19,21,0
3528,19,22,0
1648,19,23,1
149,19,24,1
1745,19,24,1
3717,19,25,1
3802,19,25,0
2039,19,28,1
3794,19,28,1
2004,19,29,1
936,19,30,1
2774,19,30,1
1522,19,31,1
1138,19,32,1
3691,19,32,1
1541,19,33,1
2452,19,33,1
4042,19,33,1
406,19,34,1
4149,19,34,0
4406,19,34,0
1265,19,36,1
3043,19,37,1
966,19,38,1
3496,19,38,1
4307,19,38,0
4966,19,38,1
1068,19,40,1
2085,19,41,1
2706,19,41,1
543,19,42,1
3039,19,42,0
4879,19,42,0
662,19,43,1
2834,19,43,1
4662,19,43,0
1509,19,45,1
1552,19,45,1
3076,19,46,1
2054,19,47,1
2180,19,47,1
4667,19,48,0
4936,19,48,1
85,20,0,1
474,20,0,1
2999,20,0,1
4085,20,0,1
1000,20,1,1
3195,20,1,0
3428,20,1,0
1614,20,2,1
1809,20,2,1
3449,20,2,1
1226,20,3,1
1980,20,3,1
770,20,4,1
1701,20,4,1
4770,20,4,0
2507,20,5,1
3998,20,6,0
1363,20,8,1
4402,20,8,1
309,20,9,1
880,20,9,1
2631,20,9,1
3380,20,9,0
4880,20,9,0
402,20,10,1
1225,20,11,1
3785,20,11,1
4348,20,11,0
232,20,12,1
834,20,12,1
1652,20,12,1
2147,20,12,1
4232,20,12,0
4834,20,12,1
3194,20,13,0
3210,20,13,0
3754,20,14,1
4179,20,14,0
4787,20,14,0
3453,20,15,1
796,20,16,1
1488,20,16,1
1782,20,16,1
2101,20,16,1
4796,20,16,1
4519,20,17,0
2585,20,18,1
3092,20,18,0
3547,20,18,1
3571,20,18,0
2151,20,19,1
348,20,23,1
2828,20,23,1
4309,20,23,0
179,20,24,1
429,20,24,1
1002,20,24,1
1927,20,24,1
4749,20,24,0
772,20,25,1
787,20,25,1
2594,20,25,1
4429,20,25,1
4772,20,25,0
1067,20,28,1
3017,20,29,0
3250,20,29,1
601,20,31,1
4601,20,31,0
519,20,32,1
1800,20,33,1
2167,20,33,1
2227,20,33,1
2493,20,33,1
3886,20,33,0
959,20,34,1
1205,20,34,1
1336,20,34,1
3376,20,34,1
4959,20,34,1
2632,20,36,1
3299,20,36,1
1160,20,37,1
1184,20,37,1
3904,20,37,1
1417,20,38,1
3372,20,38,0
442,20,39,1
2529,20,39,1
3144,20,39,0
3480,20,39,1
4439,20,39,1
4442,20,39,1
1245,20,40,1
2130,20,41,1
439,20,42,1
2496,20,42,1
3359,20,42,1
749,20,43,1
3448,20,44,1
4474,20,44,0
2841,20,45,1
3820,20,47,0
985,20,48,1
3481,20,48,1
4985,20,48,1
597,20,49,1
3321,20,49,0
3938,20,49,0
4597,20,49,1
170,21,0,1
315,21,0,1
3397,21,0,1
535,21,2,1
1546,21,2,1
3520,21,2,0
4535,21,2,1
2918,21,3,1
1785,21,5,1
1320,21,7,1
2914,21,7,1
29,21,8,1
2731,21,8,1
3891,21,8,0
4029,21,8,1
971,21,9,1
1083,21,9,1
1309,21,9,1
4971,21,9,0
169,21,10,1
1236,21,10,1
2806,21,10,1
3749,21,10,1
4170,21,13,0
3301,21,14,1
1181,21,15,1
336,21,16,1
1930,21,16,1
1691,21,17,1
2895,21,18,1
1070,21,19,1
1960,21,19,1
2270,21,19,1
2750,21,19,1
3883,21,19,0
4322,21,19,0
4868,21,20,1
1286,21,23,1
1407,21,23,1
2165,21,23,1
3836,21,23,0
2323,21,24,1
2558,21,24,1
3500,21,24,1
3540,21,24,1
3132,21,25,1
4315,21,25,1
146,21,27,1
4146,21,27,1
15,21,28,1
1564,21,28,1
1799,21,28,1
1822,21,28,1
3391,21,28,1
4015,21,28,0
892,21,29,1
2616,21,29,1
3188,21,29,0
4892,21,29,1
2238,21,30,1
99,21,32,1
265,21,32,1
1434,21,32,1
3027,21,32,0
4099,21,32,0
4265,21,32,1
4336,21,32,0
789,21,33,1
1790,21,33,1
3568,21,33,1
2562,21,34,1
2488,21,35,1
4750,21,36,1
868,21,37,1
3053,21,37,0
4789,21,37,1
781,21,38,1
1447,21,38,1
2751,21,38,1
4781,21,38,0
2026,21,39,1
3997,21,40,0
750,21,41,1
2319,21,41,1
2581,21,41,1
437,21,42,1
923,21,42,1
2247,21,42,1
2947,21,42,1
4437,21,42,0
4923,21,42,0
602,21,43,1
2913,21,43,1
4602,21,43,0
1200,21,47,1
2128,21,47,1
322,21,48,1
3787,21,48,1
4169,21,49,0
448,22,0,1
730,22,0,1
1169,22,0,1
2232,22,0,1
4448,22,0,0
4730,22,0,1
2557,22,1,1
3062,22,1,0
164,22,2,1
1715,22,2,1
3641,22,2,1
4164,22,2,1
2650,22,3,1
3227,22,3,1
4854,22,3,0
1499,22,5,1
2357,22,6,1
3127,22,6,1
4853,22,6,0
706,22,7,1
3023,22,7,0
3934,22,7,0
4706,22,7,1
40,22,8,1
4040,22,8,1
2951,22,10,1
3472,22,10,1
3009,22,11,1
3476,22,11,0
564,22,12,1
3033,22,12,1
4564,22,12,0
337,22,13,1
1190,22,13,1
1731,22,13,1
2449,22,14,1
1401,22,15,1
3506,22,15,1
778,22,16,1
2779,22,16,1
3564,22,16,1
4778,22,16,0
754,22,17,1
1494,22,17,1
4754,22,17,0
3510,22,18,1
131,22,20,1
994,22,20,1
1253,22,20,1
4994,22,20,0
607,22,21,1
1150,22,21,1
2199,22,21,1
2560,22,21,1
4607,22,21,0
4734,22,23,1
3489,22,24,0
612,22,26,1
731,22,26,1
3108,22,26,1
430,22,27,1
2192,22,27,1
3155,22,27,0
3809,22,27,0
4430,22,27,1
3,22,28,1
853,22,28,1
1571,22,28,1
2236,22,28,1
3403,22,28,1
7,22,31,1
859,22,31,1
4007,22,31,1
4859,22,31,1
4612,22,32,1
631,22,33,1
2246,22,33,1
4631,22,33,1
600,22,34,1
4131,22,34,0
4600,22,34,0
3337,22,35,1
252,22,37,1
734,22,37,1
2444,22,37,1
4252,22,37,0
1838,22,38,1
2568,22,38,1
4731,22,38,1
1210,22,39,1
2283,22,39,1
854,22,40,1
49,22,41,1
153,22,41,1
4003,22,41,1
4049,22,41,0
114,22,42,1
1362,22,42,1
1888,22,42,1
2185,22,42,1
4114,22,42,0
4337,22,42,1
3933,22,43,1
2058,22,45,1
2429,22,45,1
4153,22,45,0
617,22,46,1
1870,22,46,1
4617,22,46,0
2432,22,47,1
2122,22,49,1
172,23,0,1
331,23,0,1
981,23,0,1
2729,23,0,1
4172,23,0,1
4981,23,0,1
1281,23,1,1
2010,23,2,1
4513,23,2,1
391,23,3,1
1589,23,3,1
2926,23,3,1
4391,23,3,0
1369,23,4,1
3778,23,4,0
1637,23,5,1
2753,23,5,1
3569,23,5,1
3705,23,5,0
338,23,6,1
4338,23,6,0
50,23,7,1
3658,23,7,1
900,23,12,1
4900,23,12,1
20,23,14,1
503,23,14,1
3706,23,14,1
3826,23,14,0
4020,23,14,0
4503,23,14,1
332,23,15,1
1076,23,15,1
379,23,16,1
654,23,17,1
664,23,17,1
1144,23,17,1
4379,23,17,0
4664,23,17,1
703,23,18,1
1862,23,18,1
2473,23,18,1
4703,23,18,1
4915,23,18,0
685,23,19,1
3283,23,19,0
4685,23,19,0
3175,23,20,1
2407,23,22,1
1791,23,24,1
2145,23,24,1
1020,23,25,1
3731,23,25,1
4050,23,25,0
1257,23,26,1
3318,23,26,0
2716,23,27,1
1011,23,29,1
1371,23,29,1
2512,23,29,1
2479,23,30,1
3838,23,30,0
3987,23,30,1
1787,23,35,1
4332,23,35,0
2411,23,36,1
513,23,37,1
3412,23,37,0
993,23,38,1
1651,23,39,1
2723,23,39,1
3111,23,39,1
863,23,40,1
4863,23,40,0
2412,23,41,1
3008,23,41,0
3353,23,41,1
3894,23,42,0
2212,23,43,1
2334,23,43,1
4993,23,43,1
915,23,44,1
4654,23,44,0
3486,23,45,1
1954,23,47,1
2292,23,47,1
3010,23,47,1
1036,23,48,1
2491,23,49,1
2853,23,49,1
4331,23,49,1
1540,24,0,1
1765,24,0,1
2948,24,0,1
4454,24,0,1
2390,24,1,1
3616,24,2,0
4053,24,2,1
1777,24,3,1
3522,24,4,0
1129,24,5,1
1476,24,6,1
1750,24,7,1
4104,24,7,0
4445,24,8,0
2856,24,9,1
3106,24,10,1
2881,24,11,1
3780,24,11,0
1162,24,13,1
1928,24,13,1
2206,24,14,1
3295,24,14,1
3761,24,14,0
4801,24,15,0
3716,24,16,1
2327,24,17,1
3059,24,18,0
1172,24,19,1
2601,24,19,1
3722,24,19,0
445,24,20,1
3817,24,20,1
53,24,21,1
226,24,21,1
4226,24,21,1
995,24,22,1
1191,24,22,1
1982,24,22,1
4995,24,22,0
3292,24,23,1
3406,24,23,1
2034,24,25,1
2351,24,25,1
3113,24,25,1
552,24,26,1
4552,24,26,0
255,24,28,1
2499,24,28,1
2679,24,28,1
4296,24,28,1
2894,24,29,1
3996,24,29,1
907,24,30,1
4907,24,30,1
104,24,31,1
2463,24,33,1
4255,24,34,0
296,24,35,1
2872,24,35,1
1034,24,36,1
1249,24,36,1
2453,24,36,1
214,24,37,1
1414,24,37,1
2603,24,37,1
4521,24,38,1
2743,24,39,1
304,24,40,1
4304,24,40,0
305,24,41,1
1736,24,41,1
2648,24,41,1
3148,24,41,1
4305,24,41,0
454,24,42,1
351,24,43,1
2106,24,43,1
4214,24,43,0
4351,24,43,0
521,24,45,1
1532,24,45,1
2095,24,46,1
3699,24,46,1
801,24,47,1
1547,24,48,1
2505,24,48,1
3343,24,48,1
461,24,49,1
1078,24,49,1
4461,24,49,1
1712,25,0,1
2697,25,0,1
3504,25,0,1
533,25,2,1
1188,25,2,1
1296,25,2,1
3393,25,2,0
3326,25,3,0
3445,25,3,0
3462,25,5,1
3022,25,6,1
3674,25,6,1
3837,25,6,1
1168,25,7,1
3153,25,7,1
1449,25,8,1
2425,25,8,1
2637,25,8,1
4109,25,9,1
2523,25,10,1
3788,25,10,1
2848,25,11,1
856,25,12,1
1420,25,12,1
2511,25,12,1
3625,25,12,0
83,25,13,1
1470,25,13,1
241,25,14,1
714,25,14,1
403,25,15,1
2919,25,15,1
3205,25,15,0
109,25,16,1
2604,25,16,1
2904,25,16,1
3218,25,16,1
4403,25,16,1
4704,25,16,0
1702,25,17,1
2720,25,17,1
604,25,18,1
1733,25,18,1
41,25,20,1
1421,25,20,1
3272,25,20,1
3446,25,20,0
4041,25,20,1
1343,25,21,1
1464,25,21,1
1650,25,21,1
3001,25,21,0
3177,25,21,1
3875,25,21,1
624,25,22,1
1834,25,22,1
2033,25,22,1
3370,25,22,0
2966,25,23,1
4624,25,23,1
147,25,24,1
608,25,24,1
821,25,24,1
1299,25,24,1
2752,25,24,1
4147,25,24,1
4608,25,24,1
4714,25,24,0
4533,25,26,0
1359,25,27,1
2534,25,27,1
3436,25,27,0
3447,25,28,0
357,25,30,1
2385,25,30,1
4357,25,30,0
746,25,31,1
1113,25,31,1
2580,25,31,1
4746,25,31,0
1573,25,32,1
3673,25,32,0
2118,25,33,1
3492,25,33,1
551,25,34,1
2620,25,34,1
3930,25,34,0
4551,25,34,1
655,25,36,1
1032,25,36,1
3129,25,36,0
4655,25,36,1
4821,25,36,1
4083,25,37,0
1607,25,38,1
2041,25,38,1
2099,25,38,1
2606,25,38,1
4241,25,38,0
704,25,39,1
2456,25,39,1
4604,25,40,1
2109,25,41,1
3956,25,41,1
2459,25,42,1
3676,25,42,0
1592,25,44,1
3130,25,44,1
3767,25,44,0
4856,25,45,1
2471,25,46,1
2964,25,46,1
2249,25,47,1
3270,25,48,0
3811,25,48,0
3248,26,1,0
2807,26,2,1
1014,26,3,1
742,26,4,1
1452,26,4,1
3133,26,4,0
786,26,5,1
4369,26,5,1
59,26,6,1
862,26,6,1
1880,26,6,1
1911,26,8,1
2215,26,8,1
4587,26,8,0
286,26,9,1
4286,26,9,1
989,26,10,1
1999,26,10,1
4989,26,10,1
4996,26,10,0
587,26,11,1
3415,26,11,1
3816,26,11,1
3892,26,11,1
775,26,12,1
1828,26,12,1
4775,26,12,0
3707,26,13,1
4742,26,13,0
1231,26,14,1
1329,26,14,1
1944,26,14,1
3064,26,14,1
4827,26,15,0
1045,26,16,1
1328,26,16,1
1332,26,16,1
1754,26,16,1
2661,26,16,1
4370,26,16,0
4862,26,16,1
2985,26,17,1
827,26,18,1
2857,26,19,1
1975,26,20,1
2628,26,20,1
3170,26,20,1
124,26,22,1
1578,26,22,1
3969,26,22,0
4124,26,22,0
3477,26,24,0
3297,26,25,1
3734,26,25,1
1877,26,27,1
2381,26,27,1
2575,26,27,1
3095,26,28,0
709,26,29,1
4709,26,29,0
2690,26,30,1
369,26,31,1
370,26,31,1
2019,26,31,1
4209,26,31,0
1391,26,32,1
2182,26,33,1
1569,26,34,1
2819,26,34,1
3467,26,34,1
216,26,35,1
1882,26,35,1
4216,26,35,0
234,26,36,1
4234,26,36,0
1808,26,37,1
3208,26,37,0
812,26,39,1
1672,26,39,1
3322,26,39,1
3814,26,39,1
4059,26,39,1
4812,26,39,1
113,26,40,1
2177,26,40,1
4113,26,40,0
84,26,41,1
1653,26,41,1
3680,26,41,0
996,26,42,1
1147,26,42,1
4084,26,42,1
1496,26,43,1
569,26,44,1
4569,26,44,0
209,26,45,1
1206,26,46,1
1687,26,46,1
2977,26,46,1
4786,26,46,0
270,26,47,1
1902,26,47,1
1503,26,48,1
4270,26,48,0
2339,26,49,1
2347,26,49,1
2878,26,49,1
1612,27,1,1
330,27,2,1
4330,27,2,0
2669,27,3,1
2898,27,3,1
3070,27,3,0
3096,27,3,0
3908,27,3,0
196,27,4,1
769,27,4,1
4769,27,4,1
155,27,5,1
1748,27,6,1
1669,27,7,1
2640,27,7,1
1533,27,9,1
3824,27,9,0
4367,27,11,1
4673,27,11,1
644,27,12,1
887,27,12,1
4644,27,12,0
4887,27,12,1
2969,27,13,1
3150,27,13,0
661,27,15,1
1228,27,15,1
1250,27,15,1
1632,27,15,1
4155,27,15,1
851,27,16,1
1931,27,16,1
3302,27,16,0
4851,27,16,0
2995,27,17,1
2986,27,18,1
1692,27,19,1
77,27,21,1
3972,27,21,0
2301,27,23,1
3087,27,23,1
4663,27,24,1
1291,27,25,1
1698,27,25,1
3345,27,26,1
1876,27,28,1
1885,27,28,1
2596,27,28,1
4765,27,29,1
4831,27,29,1
761,27,30,1
1112,27,30,1
3512,27,30,0
4761,27,30,1
191,27,31,1
3145,27,31,1
4191,27,31,1
663,27,32,1
4661,27,32,0
1620,27,34,1
831,27,35,1
2487,27,35,1
558,27,36,1
2439,27,36,1
1679,27,37,1
1766,27,37,1
3385,27,38,0
261,27,39,1
2187,27,39,1
4261,27,39,0
4558,27,39,0
1008,27,41,1
2817,27,41,1
4196,27,41,1
1659,27,43,1
765,27,44,1
1700,27,44,1
2448,27,44,1
3223,27,44,0
1394,27,45,1
2630,27,45,1
3309,27,45,1
367,27,46,1
673,27,46,1
1560,27,46,1
2955,27,46,1
3211,27,46,1
228,27,47,1
3771,27,47,0
4228,27,47,0
266,27,48,1
2366,27,48,1
3419,27,48,0
4266,27,48,0
4077,27,49,1
782,28,0,1
1658,28,0,1
2310,28,0,1
3220,28,0,0
4211,28,1,0
496,28,3,1
1913,28,3,1
256,28,4,1
4256,28,4,1
4432,28,4,0
3396,28,5,1
2701,28,6,1
3769,28,7,0
3379,28,8,0
1146,28,9,1
1497,28,9,1
1656,28,9,1
3312,28,9,0
3742,28,9,0
4635,28,10,1
2013,28,11,1
722,28,12,1
952,28,12,1
991,28,12,1
2005,28,12,1
3900,28,12,1
4991,28,12,1
890,28,13,1
2873,28,13,1
3482,28,13,0
4890,28,13,1
4952,28,13,0
2020,28,15,1
2693,28,15,1
3478,28,15,0
3807,28,15,1
1064,28,16,1
2370,28,17,1
2771,28,17,1
3502,28,18,1
1949,28,20,1
2576,28,21,1
2993,28,21,1
4392,28,21,1
2202,28,22,1
2450,28,22,1
3632,28,22,0
2105,28,24,1
3852,28,24,0
310,28,25,1
392,28,25,1
2515,28,25,1
3184,28,25,0
3672,28,25,1
1119,28,26,1
2623,28,26,1
2684,28,26,1
2842,28,26,1
4782,28,26,1
1725,28,27,1
2649,28,27,1
1142,28,30,1
4310,28,30,1
1189,28,31,1
3294,28,31,1
36,28,32,1
4496,28,32,1
4722,28,32,1
2356,28,33,1
2890,28,33,1
4036,28,33,0
432,28,34,1
635,28,34,1
1953,28,35,1
1073,28,36,1
3178,28,36,1
43,28,37,1
350,28,37,1
3952,28,37,0
4043,28,37,1
484,28,38,1
526,28,38,1
3678,28,38,0
4484,28,38,0
4526,28,38,0
3661,28,39,1
3138,28,40,1
3954,28,40,1
1674,28,41,1
3871,28,41,0
838,28,42,1
1600,28,42,1
1835,28,42,1
4838,28,42,0
2287,28,43,1
3335,28,43,1
1912,28,44,1
211,28,45,1
1130,28,45,1
2798,28,45,1
4350,28,45,1
1333,28,46,1
3020,28,46,1
1192,28,47,1
1380,28,47,1
1929,28,47,1
2229,28,48,1
2745,28,48,1
366,28,49,1
3256,28,49,0
4366,28,49,1
105,29,0,1
1432,29,0,1
4105,29,0,1
327,29,1,1
316,29,2,1
329,29,2,1
2870,29,2,1
3961,29,2,0
4316,29,2,1
1825,29,3,1
2078,29,3,1
4329,29,4,0
708,29,5,1
1279,29,5,1
1386,29,5,1
3139,29,6,1
2744,29,7,1
227,29,8,1
4227,29,8,0
3960,29,10,1
2531,29,11,1
517,29,12,1
2121,29,12,1
4517,29,12,1
2476,29,13,1
984,29,15,1
1641,29,15,1
2510,29,15,1
2651,29,17,1
1554,29,18,1
4974,29,18,1
809,29,19,1
4809,29,19,0
1594,29,20,1
550,29,21,1
2257,29,21,1
3946,29,21,1
4550,29,21,1
2299,29,22,1
2658,29,22,1
2303,29,23,1
2369,29,24,1
2537,29,24,1
2954,29,25,1
2360,29,26,1
3235,29,26,0
3162,29,28,1
3795,29,28,0
2513,29,30,1
3844,29,32,1
1484,29,33,1
1567,29,33,1
2205,29,34,1
3115,29,34,1
4215,29,34,0
3950,29,35,1
1788,29,36,1
3813,29,36,0
4708,29,36,1
1201,29,37,1
3068,29,37,0
3604,29,37,0
3815,29,37,1
1158,29,40,1
1827,29,41,1
2135,29,41,1
2578,29,43,1
3289,29,44,1
3329,29,44,1
215,29,46,1
2271,29,46,1
917,29,47,1
3747,29,47,0
4917,29,47,0
4327,29,48,0
974,29,49,1
2331,29,49,1
3315,29,49,0
4984,29,49,0
883,30,0,1
3637,30,0,0
1869,30,1,1
1428,30,4,1
108,30,5,1
400,30,5,1
3100,30,5,0
4108,30,5,1
4343,30,6,0
421,30,7,1
4421,30,7,1
3112,30,9,1
18,30,10,1
1517,30,10,1
4018,30,10,1
4861,30,10,0
672,30,11,1
2614,30,11,1
2849,30,11,1
3581,30,11,1
4672,30,11,0
1280,30,12,1
2170,30,12,1
2681,30,13,1
4883,30,13,1
1007,30,14,1
1933,30,14,1
2944,30,14,1
156,30,15,1
2820,30,15,1
2289,30,16,1
3224,30,16,1
1097,30,17,1
1526,30,18,1
3501,30,18,0
2668,30,19,1
3193,30,19,1
3710,30,19,1
545,30,20,1
1771,30,20,1
4400,30,20,1
4545,30,20,0
1374,30,21,1
2813,30,22,1
3711,30,22,0
4791,30,23,1
2398,30,24,1
1487,30,26,1
2934,30,27,1
2871,30,28,1
2886,30,28,1
365,30,29,1
861,30,29,1
1143,30,29,1
1437,30,29,1
4156,30,29,1
4365,30,29,0
2233,30,31,1
2256,30,31,1
2900,30,31,1
1038,30,32,1
3058,30,32,1
3503,30,32,0
233,30,34,1
791,30,34,1
4233,30,34,1
2543,30,35,1
2756,30,35,1
3783,30,35,0
691,30,36,1
2953,30,36,1
4691,30,36,1
1936,30,37,1
2161,30,38,1
2725,30,38,1
3141,30,38,0
2254,30,39,1
1221,30,40,1
3607,30,40,0
1254,30,42,1
2569,30,42,1
1677,30,44,1
3310,30,44,1
343,30,45,1
1976,30,45,1
3067,30,46,0
794,30,48,1
1511,30,48,1
4794,30,48,0
1132,30,49,1
199,31,0,1
2702,31,0,1
481,31,1,1
1272,31,1,1
4481,31,1,1
1267,31,2,1
3799,31,3,0
457,31,4,1
777,31,4,1
1985,31,4,1
3667,31,4,1
4457,31,4,1
128,31,5,1
1208,31,5,1
2554,31,5,1
3556,31,5,1
4199,31,5,1
2800,31,6,1
175,31,7,1
4175,31,7,0
596,31,8,1
3209,31,9,1
855,31,10,1
3437,31,10,0
1334,31,12,1
3251,31,12,1
3773,31,12,0
4969,31,12,1
58,31,13,1
3363,31,13,1
4058,31,13,1
1283,31,14,1
394,31,17,1
2267,31,17,1
4394,31,17,1
342,31,19,1
3493,31,19,1
4342,31,19,1
2961,31,20,1
3890,31,20,0
4477,31,20,1
1327,31,21,1
1425,31,21,1
3244,31,23,0
4128,31,23,0
4855,31,23,1
4839,31,24,1
839,31,25,1
1624,31,25,1
1717,31,25,1
4596,31,26,0
162,31,28,1
4162,31,28,0
107,31,29,1
1415,31,29,1
3233,31,29,1
4107,31,29,0
4777,31,30,0
2395,31,32,1
3226,31,35,0
2591,31,36,1
642,31,37,1
1958,31,37,1
2715,31,37,1
4642,31,37,1
134,31,38,1
65,31,39,1
477,31,41,1
4065,31,41,1
555,31,42,1
4555,31,42,0
1557,31,43,1
2755,31,44,1
800,31,45,1
969,31,45,1
4800,31,45,0
3739,31,46,0
487,31,47,1
3317,31,47,1
4487,31,47,1
541,31,48,1
1852,31,48,1
4134,31,48,1
4541,31,48,1
23,31,49,1
1085,31,49,1
1974,31,49,1
4023,31,49,0
1104,32,0,1
2852,32,0,1
4034,32,0,0
1884,32,2,1
2500,32,2,1
3021,32,2,1
393,32,3,1
4263,32,3,0
4393,32,3,0
417,32,4,1
1604,32,4,1
1792,32,4,1
76,32,5,1
1145,32,5,1
3757,32,5,0
4076,32,5,0
864,32,6,1
1818,32,6,1
3630,32,6,0
4864,32,6,1
34,32,7,1
3280,32,7,0
1347,32,8,1
784,32,9,1
4784,32,9,0
52,32,10,1
118,32,10,1
248,32,10,1
3708,32,10,0
4052,32,10,1
4118,32,10,0
2528,32,11,1
325,32,12,1
1605,32,12,1
2504,32,12,1
3792,32,12,0
2840,32,13,1
3766,32,13,1
1863,32,14,1
2654,32,14,1
2139,32,15,1
882,32,16,1
2009,32,16,1
4882,32,16,1
733,32,17,1
4280,32,17,0
4733,32,17,0
3859,32,18,1
546,32,19,1
3126,32,19,1
235,32,20,1
2262,32,20,1
2495,32,20,1
3586,32,20,1
4235,32,20,0
651,32,21,1
2169,32,21,1
4651,32,21,1
263,32,23,1
747,32,23,1
1455,32,23,1
4747,32,23,1
1467,32,24,1
3920,32,24,0
4285,32,25,0
1537,32,26,1
1901,32,27,1
2822,32,27,1
3173,32,27,0
4200,32,27,0
4325,32,28,0
3560,32,29,1
219,32,30,1
4219,32,30,0
3579,32,31,1
1966,32,33,1
2150,32,34,1
3659,32,34,0
4546,32,34,0
200,32,35,1
3290,32,35,0
2068,32,37,1
4417,32,37,0
280,32,38,1
499,32,40,1
285,32,41,1
833,32,41,1
4833,32,41,1
1582,32,42,1
2783,32,42,1
3592,32,42,1
3624,32,42,0
4027,32,42,1
4499,32,42,1
1029,32,43,1
278,32,44,1
1365,32,44,1
3201,32,44,1
27,32,45,1
1937,32,45,1
4278,32,45,1
1123,32,46,1
1910,32,46,1
2374,32,47,1
2480,32,47,1
702,32,48,1
1383,32,48,1
2143,32,48,1
3585,32,48,0
4702,32,48,0
598,32,49,1
4248,32,49,1
4598,32,49,1
1392,33,1,1
2619,33,1,1
4115,33,1,0
362,33,2,1
476,33,2,1
3685,33,2,1
4476,33,2,1
4669,33,2,1
1459,33,3,1
2483,33,3,1
2533,33,3,1
2835,33,3,1
1918,33,4,1
3484,33,4,1
3776,33,4,1
3926,33,4,0
2061,33,5,1
2484,33,5,1
1670,33,6,1
293,33,7,1
1710,33,7,1
3176,33,7,0
4293,33,7,0
2719,33,8,1
4362,33,9,0
110,33,10,1
4110,33,10,0
115,33,12,1
3533,33,12,1
752,33,13,1
4578,33,13,0
79,33,14,1
836,33,14,1
2350,33,14,1
4422,33,14,0
2259,33,15,1
3494,33,16,0
4780,33,16,1
1094,33,17,1
1466,33,17,1
780,33,18,1
1026,33,18,1
183,33,19,1
732,33,19,1
2114,33,19,1
2486,33,19,1
2748,33,19,1
4732,33,19,1
4079,33,20,1
829,33,21,1
3878,33,21,1
4677,33,21,0
4829,33,21,1
1724,33,22,1
951,33,23,1
1195,33,25,1
3305,33,25,1
3770,33,25,1
1506,33,27,1
1994,33,27,1
2844,33,27,1
4752,33,27,0
1513,33,28,1
869,33,30,1
2740,33,30,1
4869,33,30,0
1433,33,31,1
2079,33,32,1
3030,33,32,0
2642,33,34,1
422,33,36,1
1779,33,37,1
4951,33,37,1
497,33,38,1
578,33,38,1
4497,33,38,0
4836,33,38,0
1805,33,39,1
1103,33,40,1
1633,33,40,1
2392,33,40,1
2867,33,40,1
1857,33,41,1
1867,33,41,1
2248,33,41,1
1793,33,43,1
3040,33,43,0
3588,33,43,1
3557,33,44,0
677,33,45,1
3124,33,45,0
3395,33,45,0
669,33,46,1
1858,33,46,1
2302,33,47,1
2391,33,47,1
4183,33,48,0
1518,33,49,1
1570,33,49,1
1832,33,49,1
177,34,0,1
1340,34,0,1
4006,34,0,0
4177,34,0,1
4876,34,0,0
866,34,1,1
935,34,1,1
3012,34,1,0
4935,34,1,1
2362,34,2,1
3054,34,2,1
1040,34,3,1
3402,34,3,1
645,34,4,1
1043,34,4,1
1602,34,4,1
4645,34,4,1
2325,34,5,1
2942,34,5,1
884,34,6,1
2060,34,6,1
2663,34,6,1
4884,34,6,0
1344,34,7,1
4807,34,7,0
4288,34,8,1
876,34,9,1
3384,34,9,0
3531,34,9,1
721,34,10,1
1339,34,10,1
4721,34,10,1
2376,34,11,1
736,34,12,1
1052,34,12,1
1373,34,12,1
1543,34,12,1
470,34,15,1
3382,34,15,0
4208,34,15,1
1235,34,16,1
699,34,17,1
1737,34,17,1
3238,34,17,1
4699,34,17,1
2172,34,18,1
6,34,19,1
807,34,19,1
1491,34,20,1
3229,34,20,0
3943,34,20,0
1993,34,21,1
4795,34,21,0
577,34,22,1
795,34,22,1
1092,34,22,1
2297,34,22,1
3237,34,22,1
3763,34,22,0
3896,34,22,1
4577,34,22,0
25,34,25,1
1796,34,25,1
3014,34,25,0
3276,34,25,0
4025,34,25,1
288,34,26,1
2633,34,26,1
4866,34,28,1
1372,34,29,1
1970,34,30,1
2711,34,30,1
1331,34,31,1
2605,34,31,1
2960,34,31,1
3390,34,31,0
2241,34,32,1
3864,34,32,1
2489,34,33,1
2527,34,33,1
3971,34,35,1
2462,34,36,1
1926,34,37,1
3328,34,37,0
3546,34,37,0
1385,34,38,1
1418,34,38,1
3861,34,38,0
208,34,39,1
1508,34,39,1
3098,34,39,1
3779,34,39,1
4736,34,39,0
262,34,40,1
3724,34,40,1
4262,34,40,1
4470,34,40,1
1443,34,41,1
1615,34,41,1
522,34,42,1
3935,34,42,0
4522,34,42,0
1986,34,43,1
3160,34,43,1
3222,34,43,0
2346,34,45,1
1654,34,47,1
3756,34,47,0
3101,34,48,1
3339,34,48,1
3047,35,0,0
2464,35,2,1
3591,35,2,1
3255,35,4,1
3740,35,5,0
3750,35,5,1
3975,35,5,0
1198,35,6,1
3377,35,6,1
3612,35,7,1
5,35,8,1
1341,35,8,1
1539,35,8,1
3183,35,8,1
4080,35,8,0
1596,35,9,1
4005,35,9,0
1215,35,10,1
1664,35,11,1
1581,35,12,1
4753,35,12,1
1220,35,13,1
1270,35,13,1
899,35,14,1
4899,35,14,0
964,35,15,1
2611,35,15,1
4964,35,15,0
2188,35,16,1
2804,35,17,1
2967,35,17,1
1324,35,18,1
4712,35,18,1
80,35,19,1
335,35,19,1
2818,35,22,1
2155,35,24,1
2189,35,24,1
3913,35,25,1
2014,35,26,1
2408,35,26,1
2929,35,26,1
4319,35,26,0
532,35,27,1
4532,35,27,0
3490,35,28,0
3939,35,28,1
2214,35,30,1
2541,35,30,1
3364,35,30,1
1544,35,31,1
383,35,32,1
4383,35,32,0
512,35,33,1
2131,35,33,1
4512,35,33,1
547,35,34,1
1806,35,34,1
4335,35,34,1
4547,35,34,0
693,35,36,1
3284,35,36,1
4693,35,36,0
700,35,38,1
2535,35,38,1
4700,35,38,1
712,35,39,1
1100,35,39,1
2703,35,40,1
4495,35,41,0
3994,35,42,0
319,35,43,1
1649,35,43,1
1855,35,44,1
1938,35,44,1
1180,35,45,1
3002,35,45,1
117,35,47,1
1028,35,47,1
1893,35,47,1
4117,35,47,0
753,35,48,1
495,35,49,1
1848,35,49,1
2279,35,49,1
3791,35,49,1
3078,36,1,0
376,36,4,1
1864,36,4,1
4376,36,4,1
4456,36,4,0
3818,36,5,1
86,36,7,1
4086,36,7,1
3888,36,8,0
726,36,9,1
2865,36,9,1
3642,36,9,0
3055,36,10,0
4811,36,10,0
3488,36,12,1
245,36,14,1
103,36,15,1
2090,36,15,1
4103,36,15,1
4726,36,15,0
399,36,16,1
1951,36,16,1
1448,36,17,1
1836,36,17,1
3598,36,18,1
1315,36,19,1
1823,36,19,1
3094,36,19,1
2854,36,20,1
1127,36,22,1
2309,36,22,1
3389,36,22,1
3626,36,22,1
505,36,23,1
4505,36,23,1
4074,36,24,0
456,36,25,1
1630,36,25,1
2888,36,26,1
3213,36,26,0
4399,36,26,1
1957,36,27,1
2764,36,28,1
2860,36,28,1
4245,36,29,0
1069,36,30,1
1330,36,31,1
1854,36,31,1
3487,36,33,0
3910,36,33,1
3928,36,33,0
74,36,34,1
637,36,34,1
811,36,34,1
1039,36,34,1
1351,36,35,1
2423,36,35,1
2692,36,37,1
4637,36,37,1
431,36,38,1
1565,36,38,1
2638,36,38,1
3234,36,38,1
3735,36,38,0
1293,36,39,1
2363,36,40,1
3079,36,41,0
2086,36,42,1
112,36,43,1
2775,36,43,1
2859,36,43,1
3465,36,43,0
4112,36,43,0
1492,36,44,1
1956,36,44,1
2030,36,44,1
1377,36,45,1
2466,36,45,1
4431,36,45,1
548,36,46,1
621,36,46,1
1081,36,46,1
4621,36,46,0
2388,36,47,1
2673,36,47,1
4548,36,47,0
2031,36,48,1
1801,36,49,1
295,37,0,1
2312,37,0,1
4295,37,0,1
4658,37,1,0
299,37,3,1
4648,37,3,0
1941,37,4,1
4011,37,5,1
4471,37,5,0
1326,37,8,1
1934,37,10,1
3411,37,11,0
3874,37,11,1
1260,37,13,1
4675,37,13,0
2158,37,14,1
570,37,15,1
605,37,15,1
930,37,15,1
4605,37,15,0
1003,37,16,1
1816,37,16,1
4520,37,16,1
424,37,17,1
2353,37,17,1
2502,37,17,1
4424,37,17,1
2446,37,18,1
3104,37,18,0
4264,37,18,0
4510,37,18,0
520,37,19,1
1441,37,19,1
3142,37,19,1
3748,37,19,1
3613,37,20,0
471,37,21,1
3516,37,21,0
3978,37,21,0
2181,37,22,1
4361,37,22,0
2574,37,23,1
3102,37,23,1
3849,37,23,1
2608,37,24,1
2682,37,24,1
3287,37,24,0
3967,37,25,0
4979,37,26,0
815,37,27,1
407,37,28,1
2343,37,28,1
2430,37,28,1
658,37,29,1
3966,37,29,0
361,37,30,1
1156,37,30,1
264,37,31,1
510,37,31,1
762,37,31,1
1879,37,31,1
2739,37,31,1
4570,37,31,1
725,37,33,1
1053,37,33,1
1629,37,33,1
4725,37,33,0
4930,37,33,0
3622,37,34,0
1894,37,35,1
165,37,36,1
250,37,36,1
4165,37,36,0
4250,37,36,1
459,37,38,1
4459,37,38,0
675,37,39,1
4299,37,39,0
4407,37,39,0
648,37,40,1
1389,37,40,1
3450,37,40,0
11,37,41,1
891,37,41,1
4891,37,41,1
979,37,42,1
2833,37,42,1
697,37,43,1
4697,37,43,0
282,37,44,1
616,37,44,1
2275,37,44,1
4282,37,44,1
4616,37,44,1
207,37,45,1
3597,37,45,1
1850,37,46,1
3452,37,46,0
2127,37,47,1
4815,37,47,0
1278,37,48,1
4207,37,48,1
718,37,49,1
1350,37,49,1
1636,37,49,1
2696,37,49,1
4718,37,49,0
4762,37,49,0
626,38,1,1
2832,38,1,1
4626,38,1,0
2207,38,3,1
2643,38,3,1
2261,38,4,1
2694,38,4,1
1155,38,7,1
3825,38,7,1
312,38,8,1
452,38,8,1
956,38,8,1
1303,38,8,1
4312,38,8,0
4452,38,8,1
4956,38,8,1
806,38,9,1
3418,38,9,0
3605,38,9,0
4806,38,9,0
688,38,10,1
1916,38,10,1
2962,38,10,1
4688,38,10,0
3805,38,11,0
3441,38,13,0
516,38,15,1
2776,38,15,1
4516,38,15,1
1308,38,16,1
3923,38,16,1
717,38,17,1
1789,38,17,1
4816,38,17,1
3202,38,19,1
1413,38,20,1
3786,38,21,0
1047,38,22,1
3417,38,22,0
1031,38,23,1
2311,38,23,1
2443,38,23,1
1116,38,24,1
3316,38,24,1
3526,38,24,1
268,38,25,1
4268,38,25,1
1322,38,26,1
3753,38,26,0
820,38,27,1
4690,38,27,0
4820,38,27,1
803,38,28,1
4803,38,28,0
1118,38,29,1
1355,38,29,1
3995,38,29,1
2285,38,30,1
3206,38,30,1
1525,38,31,1
2524,38,31,1
2050,38,32,1
2909,38,32,1
2284,38,33,1
2364,38,33,1
2826,38,33,1
2837,38,33,1
3727,38,33,0
2635,38,34,1
2734,38,34,1
3072,38,34,1
4428,38,34,0
690,38,36,1
1262,38,37,1
2988,38,37,1
1794,38,39,1
2217,38,40,1
3254,38,40,0
3638,38,40,1
3527,38,41,0
4717,38,41,1
1314,38,42,1
1821,38,42,1
1915,38,42,1
1591,38,44,1
2970,38,44,1
3842,38,44,1
1646,38,45,1
816,38,46,1
2517,38,46,1
1895,38,48,1
428,38,49,1
813,39,0,1
3570,39,0,0
872,39,1,1
1261,39,1,1
2117,39,1,1
1009,39,2,1
1480,39,2,1
1948,39,2,1
954,39,3,1
4954,39,3,0
2098,39,4,1
4646,39,4,0
1310,39,5,1
3559,39,5,1
594,39,6,1
914,39,6,1
2827,39,6,1
4594,39,6,0
4914,39,6,0
2243,39,7,1
514,39,8,1
1621,39,8,1
1900,39,8,1
3887,39,8,0
4514,39,8,0
1472,39,9,1
2084,39,9,1
2983,39,9,1
3163,39,9,0
4698,39,9,1
2991,39,10,1
1515,39,11,1
1778,39,11,1
2598,39,11,1
2091,39,12,1
2782,39,13,1
3947,39,13,1
1099,39,14,1
1830,39,14,1
3165,39,14,0
3796,39,14,1
4902,39,14,0
743,39,15,1
908,39,15,1
1140,39,16,1
1776,39,16,1
57,39,18,1
837,39,18,1
2917,39,19,1
3663,39,19,0
151,39,20,1
1197,39,20,1
3553,39,21,0
3599,39,21,1
4872,39,21,1
1968,39,23,1
2328,39,23,1
3688,39,23,1
4231,39,23,1
301,39,24,1
698,39,24,1
2874,39,24,1
3197,39,24,1
4301,39,24,0
102,39,25,1
1090,39,25,1
1943,39,25,1
2173,39,25,1
2521,39,25,1
902,39,26,1
1973,39,26,1
3431,39,26,1
4837,39,27,0
3274,39,28,0
275,39,29,1
2245,39,29,1
3109,39,29,1
3718,39,29,0
3073,39,31,0
4908,39,31,1
3529,39,32,0
4275,39,32,1
1041,39,33,1
1469,39,33,1
2652,39,33,1
3925,39,33,0
1504,39,34,1
2726,39,34,1
1010,39,35,1
1027,39,35,1
1622,39,35,1
4102,39,35,0
4813,39,35,0
1453,39,36,1
1171,39,37,1
269,39,38,1
1964,39,38,1
2221,39,38,1
3561,39,38,0
4269,39,38,1
4743,39,38,0
47,39,40,1
231,39,40,1
646,39,40,1
1306,39,40,1
2405,39,40,1
2424,39,40,1
4047,39,40,1
2708,39,41,1
3146,39,41,1
3850,39,43,1
2958,39,44,1
4057,39,44,1
4151,39,44,0
1485,39,45,1
1945,39,46,1
2076,39,46,1
2119,39,46,1
69,39,47,1
972,39,47,1
4069,39,47,1
4972,39,47,1
1906,39,48,1
4031,40,0,0
2103,40,1,1
2590,40,1,1
2551,40,2,1
2251,40,4,1
3902,40,4,1
1531,40,5,1
1987,40,5,1
860,40,6,1
4860,40,6,1
425,40,7,1
710,40,8,1
927,40,8,1
2002,40,8,1
4710,40,8,0
4927,40,8,0
1056,40,9,1
4397,40,9,1
3916,40,10,0
44,40,11,1
333,40,13,1
817,40,13,1
3265,40,13,0
4411,40,13,0
4425,40,14,1
2422,40,15,1
397,40,16,1
1740,40,16,1
2447,40,16,1
2314,40,17,1
3086,40,17,1
4511,40,18,0
906,40,19,1
4906,40,19,0
289,40,20,1
1346,40,20,1
3427,40,20,0
4289,40,20,0
636,40,21,1
1237,40,21,1
4636,40,21,1
1490,40,22,1
3410,40,22,0
378,40,24,1
4378,40,24,1
1013,40,25,1
1512,40,25,1
3485,40,25,1
1266,40,26,1
3459,40,26,1
1001,40,27,1
1393,40,27,1
1678,40,27,1
1033,40,28,1
4817,40,28,1
1507,40,29,1
2733,40,30,1
4044,40,30,1
4333,40,30,1
4901,40,30,0
627,40,31,1
1304,40,31,1
3157,40,31,1
3580,40,31,1
4627,40,31,0
1519,40,33,1
2156,40,33,1
4542,40,33,0
411,40,34,1
3013,40,35,1
3865,40,35,1
1285,40,36,1
2710,40,36,1
2,40,37,1
1549,40,37,1
2797,40,37,1
31,40,38,1
2861,40,38,1
620,40,39,1
3595,40,39,0
4620,40,39,0
511,40,41,1
1942,40,41,1
4002,40,41,1
901,40,42,1
2075,40,45,1
3207,40,45,0
3454,40,46,1
542,40,49,1
554,40,49,1
4554,40,49,0
1847,41,0,1
4844,41,0,1
3590,41,1,1
4279,41,1,1
55,41,2,1
2636,41,2,1
4055,41,2,1
934,41,3,1
4934,41,3,1
3827,41,4,1
3264,41,5,0
4589,41,5,0
1685,41,7,1
3882,41,7,0
3889,41,7,1
773,41,8,1
3644,41,8,0
4773,41,8,1
3912,41,9,0
1375,41,10,1
13,41,12,1
1259,41,12,1
4013,41,12,0
3563,41,13,1
3602,41,13,0
2825,41,14,1
2675,41,15,1
3131,41,15,1
2413,41,16,1
4360,41,16,0
1798,41,17,1
3719,41,18,1
1247,41,19,1
2326,41,19,1
2548,41,19,1
176,41,20,1
4176,41,20,1
2112,41,21,1
2754,41,21,1
4961,41,21,1
279,41,23,1
961,41,23,1
1673,41,23,1
4458,41,23,0
360,41,24,1
458,41,24,1
4024,41,24,1
404,41,25,1
2639,41,25,1
4404,41,25,1
844,41,26,1
2414,41,27,1
2417,41,28,1
1759,41,29,1
2552,41,29,1
4949,41,29,0
1023,41,30,1
395,41,31,1
1136,41,31,1
4395,41,31,0
24,41,32,1
364,41,32,1
2415,41,32,1
3327,41,32,1
4364,41,32,1
4433,41,32,0
463,41,33,1
589,41,33,1
1783,41,34,1
2089,41,34,1
1063,41,36,1
2622,41,36,1
1555,41,37,1
1861,41,37,1
2691,41,38,1
4463,41,38,1
2976,41,39,1
2579,41,40,1
433,41,42,1
3495,41,42,1
2394,41,43,1
2371,41,44,1
129,41,47,1
949,41,47,1
4129,41,47,1
3782,41,48,1
3841,41,48,0
3953,41,48,1
1019,41,49,1
1022,42,0,1
3257,42,0,1
3895,42,0,1
213,42,1,1
1660,42,1,1
1978,42,1,1
4213,42,1,0
4659,42,1,1
2583,42,2,1
2903,42,2,1
4195,42,3,0
4623,42,3,0
427,42,4,1
2129,42,4,1
4427,42,4,0
3025,42,5,0
258,42,7,1
3751,42,7,0
3905,42,7,0
1595,42,8,1
4198,42,8,1
659,42,9,1
835,42,9,1
3619,42,9,0
3692,42,9,1
4229,42,9,0
4410,42,9,1
1318,42,10,1
198,42,11,1
793,42,12,1
2044,42,12,1
2393,42,12,1
2671,42,12,1
3736,42,12,0
4793,42,12,0
2863,42,14,1
3277,42,15,1
229,42,16,1
1743,42,16,1
2477,42,16,1
653,42,17,1
2322,42,17,1
2688,42,17,1
2768,42,17,1
4653,42,17,1
2108,42,21,1
2110,42,21,1
3582,42,21,1
2922,42,22,1
3215,42,22,1
1082,42,23,1
1456,42,25,1
1478,42,25,1
1408,42,26,1
1751,42,26,1
3409,42,26,1
3990,42,26,1
1199,42,27,1
1721,42,27,1
93,42,28,1
873,42,28,1
4093,42,28,1
4873,42,28,0
2428,42,29,1
410,42,30,1
4982,42,30,1
982,42,31,1
1297,42,31,1
1690,42,31,1
4924,42,31,0
1137,42,32,1
1295,42,32,1
2178,42,32,1
1114,42,33,1
2792,42,33,1
3405,42,33,0
623,42,34,1
334,42,35,1
1148,42,35,1
3741,42,35,0
4334,42,35,0
3204,42,36,1
3945,42,36,0
4258,42,36,0
353,42,38,1
4353,42,38,0
2540,42,39,1
2683,42,39,1
1762,42,40,1
3655,42,40,0
4835,42,40,1
3356,42,41,0
1667,42,44,1
1744,42,44,1
2749,42,44,1
3230,42,44,0
924,42,46,1
2278,42,46,1
2506,42,46,1
2994,42,46,1
66,42,47,1
1111,42,47,1
4066,42,47,0
195,42,49,1
2174,42,49,1
603,43,0,1
3944,43,0,0
4603,43,0,1
1753,43,1,1
45,43,2,1
1289,43,2,1
3635,43,2,0
4045,43,2,0
489,43,3,1
3338,43,3,0
4039,43,3,1
4507,43,3,1
1398,43,5,1
3822,43,5,1
3336,43,6,1
4918,43,6,0
1755,43,8,1
2263,43,8,1
2062,43,9,1
2882,43,9,1
745,43,10,1
1558,43,10,1
2164,43,10,1
3212,43,10,1
4745,43,10,0
1842,43,11,1
4004,43,11,1
671,43,12,1
684,43,12,1
4671,43,12,0
4684,43,12,1
918,43,14,1
1173,43,14,1
1668,43,14,1
4489,43,15,1
197,43,17,1
2053,43,18,1
2559,43,19,1
3077,43,20,0
2709,43,22,1
4567,43,22,1
16,43,23,1
1411,43,24,1
2272,43,24,1
3361,43,24,0
4848,43,24,1
696,43,25,1
2191,43,25,1
4696,43,25,1
549,43,26,1
2467,43,27,1
1458,43,28,1
1675,43,28,1
2140,43,28,1
4,43,30,1
567,43,31,1
2514,43,31,1
2348,43,32,1
3029,43,32,1
3618,43,32,1
3698,43,32,0
507,43,33,1
1255,43,33,1
4016,43,33,1
848,43,34,1
1325,43,35,1
4549,43,35,1
1814,43,36,1
1815,43,36,1
2198,43,36,1
939,43,37,1
1223,43,37,1
4197,43,37,1
4939,43,37,1
39,43,38,1
416,43,40,1
3868,43,40,1
1102,43,41,1
1196,43,48,1
1317,43,48,1
2190,43,48,1
4416,43,48,0
3050,44,0,1
3060,44,0,1
2786,44,1,1
3483,44,2,1
799,44,4,1
1214,44,4,1
2316,44,4,1
4799,44,4,0
1037,44,5,1
3873,44,7,0
2111,44,8,1
2474,44,8,1
2340,44,9,1
244,44,10,1
2225,44,11,1
3119,44,11,0
82,44,12,1
3542,44,12,0
4082,44,12,0
2687,44,13,1
2998,44,13,1
1619,44,14,1
3282,44,15,1
2492,44,16,1
3181,44,16,0
2738,44,19,1
2968,44,19,1
640,44,20,1
4640,44,20,1
161,44,21,1
4466,44,21,1
619,44,22,1
3932,44,23,1
3917,44,24,0
3986,44,24,1
4847,44,24,0
1170,44,25,1
3084,44,25,1
3636,44,25,0
4244,44,25,0
2066,44,26,1
2814,44,26,1
1483,44,28,1
1609,44,28,1
1610,44,28,1
2072,44,28,1
2595,44,28,1
483,44,29,1
3451,44,29,1
4483,44,29,0
3074,44,30,1
1891,44,31,1
2305,44,31,1
159,44,32,1
790,44,32,1
4790,44,32,0
4619,44,33,0
178,44,34,1
314,44,34,1
1115,44,34,1
2373,44,34,1
2747,44,34,1
2910,44,34,1
3314,44,34,1
4314,44,34,0
412,44,35,1
466,44,35,1
2657,44,35,1
4412,44,35,0
2035,44,36,1
2645,44,36,1
2906,44,36,1
1562,44,37,1
4377,44,38,0
1671,44,39,1
2468,44,40,1
2928,44,40,1
4159,44,40,1
1914,44,41,1
2765,44,41,1
2805,44,41,1
3332,44,41,1
1498,44,42,1
1613,44,42,1
377,44,43,1
3854,44,43,1
4161,44,43,0
847,44,45,1
3474,44,45,0
388,44,46,1
1991,44,46,1
2508,44,46,1
2728,44,46,1
3745,44,46,0
4388,44,46,1
929,44,47,1
1122,44,47,1
1242,44,47,1
1962,44,47,1
2116,44,47,1
3081,44,47,0
3509,44,47,1
4178,44,47,0
1288,44,48,1
2821,44,48,1
4929,44,48,0
3834,44,49,1
680,45,0,1
1804,45,0,1
2503,45,0,1
4680,45,0,0
2732,45,1,1
1229,45,2,1
2925,45,2,1
926,45,3,1
1853,45,3,1
2536,45,3,1
3567,45,3,0
3915,45,3,0
291,45,4,1
436,45,4,1
1442,45,4,1
4436,45,4,1
2891,45,5,1
3374,45,7,0
3468,45,7,0
373,45,10,1
4373,45,10,1
236,45,11,1
3032,45,11,0
135,45,12,1
480,45,12,1
568,45,12,1
1429,45,12,1
716,45,13,1
2027,45,13,1
2123,45,13,1
2662,45,13,1
3090,45,13,1
3650,45,13,0
4135,45,13,1
4716,45,13,1
740,45,14,1
1474,45,14,1
2048,45,14,1
4740,45,14,1
257,45,15,1
2333,45,15,1
455,45,16,1
2007,45,16,1
3797,45,17,0
4480,45,17,0
462,45,19,1
1711,45,19,1
2290,45,19,1
4462,45,19,0
4568,45,21,1
1152,45,22,1
4455,45,22,0
4291,45,24,0
1886,45,25,1
2372,45,25,1
2905,45,25,1
3726,45,25,1
3949,45,25,0
4788,45,25,1
615,45,26,1
1426,45,26,1
4615,45,26,1
56,45,27,1
2152,45,27,1
4056,45,27,1
788,45,28,1
2295,45,28,1
1218,45,29,1
1348,45,29,1
2194,45,29,1
1920,45,30,1
1534,45,31,1
1626,45,32,1
4010,45,33,0
323,45,35,1
766,45,35,1
4323,45,35,1
4766,45,35,0
4926,45,35,1
2672,45,38,1
916,45,39,1
1812,45,39,1
4916,45,39,0
1227,45,40,1
1268,45,40,1
1366,45,40,1
352,45,41,1
1707,45,41,1
3351,45,41,1
4352,45,41,1
948,45,42,1
4236,45,42,1
4948,45,42,0
544,45,43,1
4544,45,43,0
10,45,44,1
1705,45,44,1
3743,45,46,0
3843,45,46,1
4257,45,46,1
2567,45,47,1
2763,45,47,1
670,46,0,1
1657,46,0,1
2154,46,0,1
3432,46,0,1
4670,46,0,0
715,46,1,1
1618,46,1,1
2659,46,1,1
4100,46,1,1
4715,46,1,0
2490,46,2,1
4638,46,2,1
933,46,3,1
2252,46,3,1
3049,46,3,1
4933,46,3,1
2281,46,5,1
2722,46,5,1
3999,46,5,0
1662,46,6,1
3738,46,6,1
2006,46,7,1
72,46,8,1
2769,46,8,1
4166,46,8,0
1216,46,9,1
1561,46,9,1
2003,46,9,1
958,46,10,1
2911,46,11,1
100,46,12,1
2008,46,12,1
968,46,13,1
2410,46,14,1
3812,46,15,1
2875,46,16,1
3425,46,16,1
4814,46,16,1
2741,46,17,1
776,46,18,1
1922,46,18,1
2433,46,18,1
4759,46,18,0
4776,46,18,0
3475,46,19,0
1120,46,20,1
759,46,21,1
4292,46,21,0
580,46,22,1
4580,46,22,0
451,46,23,1
2052,46,23,1
3347,46,23,0
4451,46,23,1
297,46,24,1
3036,46,24,1
4297,46,24,1
4958,46,24,0
90,46,25,1
3924,46,25,1
4090,46,25,1
2028,46,26,1
2321,46,27,1
539,46,28,1
771,46,28,1
4072,46,28,1
4771,46,28,0
4889,46,28,0
1489,46,30,1
2210,46,30,1
3543,46,30,1
2361,46,32,1
638,46,33,1
889,46,33,1
3538,46,34,1
3633,46,34,0
4539,46,34,1
1811,46,35,1
3221,46,35,0
4308,46,35,0
4968,46,36,0
814,46,37,1
1587,46,37,1
3325,46,37,0
292,46,39,1
3365,46,39,1
1061,46,41,1
3240,46,41,1
2300,46,42,1
3700,46,42,0
2375,46,43,1
727,46,44,1
4727,46,44,1
166,46,45,1
349,46,45,1
2799,46,45,1
4349,46,45,1
2330,46,47,1
308,46,48,1
2304,46,48,1
3091,46,49,0
28,47,1,1
2544,47,1,1
3464,47,1,1
3684,47,1,1
3732,47,1,0
1952,47,3,1
3140,47,3,1
4122,47,5,1
3701,47,6,1
2421,47,7,1
4259,47,7,1
4728,47,7,1
259,47,8,1
2629,47,8,1
2670,47,8,1
3375,47,8,1
381,47,9,1
1182,47,9,1
2431,47,9,1
4028,47,9,0
1773,47,10,1
3121,47,10,1
3414,47,10,1
4321,47,10,1
4965,47,10,0
2519,47,11,1
3498,47,11,1
3088,47,12,0
4893,47,12,0
965,47,13,1
1856,47,13,1
932,47,14,1
3694,47,14,0
4932,47,14,0
2984,47,15,1
3758,47,15,1
4030,47,15,0
2355,47,16,1
1044,47,17,1
3725,47,17,1
321,47,18,1
386,47,18,1
3296,47,18,1
4386,47,18,0
1921,47,19,1
531,47,20,1
4531,47,20,1
30,47,21,1
1234,47,21,1
2869,47,21,1
4375,47,21,0
4678,47,21,0
3621,47,25,0
2073,47,26,1
46,47,27,1
249,47,28,1
375,47,28,1
4249,47,28,0
1065,47,29,1
2294,47,29,1
3857,47,29,1
678,47,30,1
3038,47,30,0
2132,47,32,1
2268,47,32,1
4381,47,32,0
2520,47,33,1
3880,47,33,1
679,47,34,1
728,47,34,1
2011,47,34,1
2057,47,34,1
4679,47,34,1
1523,47,35,1
2980,47,35,1
122,47,36,1
893,47,36,1
2042,47,36,1
3532,47,37,1
945,47,38,1
2936,47,39,1
530,47,40,1
1647,47,40,1
4224,47,40,1
486,47,41,1
2847,47,41,1
4486,47,41,1
3835,47,42,1
3877,47,42,1
3948,47,42,0
4945,47,42,1
224,47,43,1
1642,47,43,1
2047,47,43,1
2437,47,43,1
4530,47,43,1
1074,47,44,1
2482,47,44,1
687,47,45,1
1505,47,45,1
2216,47,45,1
3378,47,45,0
4687,47,45,1
1400,47,46,1
4046,47,46,0
1840,47,48,1
3349,47,49,1
3103,48,0,1
1110,48,1,1
1760,48,1,1
2501,48,2,1
4000,48,2,1
2952,48,4,1
518,48,5,1
1025,48,5,1
3600,48,5,0
4518,48,5,1
1603,48,6,1
4905,48,6,0
2584,48,7,1
3670,48,8,0
3683,48,8,0
4871,48,8,1
2074,48,10,1
240,48,12,1
3715,48,13,0
1121,48,14,1
2070,48,14,1
3044,48,14,0
1302,48,15,1
2685,48,15,1
0,48,16,1
737,48,17,1
2478,48,17,1
4737,48,17,1
17,48,18,1
4017,48,18,1
356,48,19,1
1312,48,19,1
1638,48,19,1
3246,48,19,1
4356,48,19,0
4524,48,19,1
629,48,20,1
2021,48,20,1
1166,48,21,1
2572,48,21,1
3269,48,21,1
1820,48,24,1
2383,48,24,1
3443,48,25,1
4387,48,25,0
387,48,26,1
2255,48,28,1
4240,48,28,1
64,48,29,1
163,48,29,1
4064,48,29,0
4163,48,29,1
4629,48,29,1
1761,48,30,1
3666,48,30,1
1580,48,31,1
2935,48,31,1
524,48,33,1
2077,48,33,1
3243,48,34,0
3252,48,34,1
905,48,35,1
1703,48,35,1
2589,48,35,1
1106,48,36,1
2016,48,38,1
2758,48,38,1
3470,48,38,0
1424,48,39,1
1510,48,39,1
2382,48,39,1
2274,48,40,1
3080,48,41,0
3845,48,41,1
389,48,42,1
1694,48,42,1
4389,48,42,1
2157,48,44,1
871,48,45,1
593,48,46,1
2144,48,46,1
3037,48,46,1
3151,48,46,1
4593,48,46,1
3629,48,47,0
371,48,49,1
2877,48,49,1
4371,48,49,1
701,49,1,1
1105,49,1,1
1716,49,1,1
3005,49,1,1
2565,49,2,1
2409,49,3,1
2587,49,4,1
2899,49,4,1
2823,49,5,1
3386,49,6,1
2134,49,8,1
2791,49,8,1
2924,49,8,1
3400,49,8,1
4797,49,8,0
1412,49,9,1
2665,49,9,1
3085,49,9,1
3870,49,9,0
1979,49,11,1
2470,49,11,1
3259,49,11,1
1095,49,13,1
2612,49,13,1
3955,49,14,1
22,49,15,1
4022,49,15,1
3611,49,16,1
4540,49,16,0
4504,49,17,1
1477,49,18,1
2162,49,18,1
3373,49,18,1
2498,49,19,1
174,49,22,1
3185,49,22,0
4174,49,22,1
2695,49,24,1
3593,49,24,0
2785,49,25,1
988,49,26,1
4701,49,26,1
1860,49,28,1
3499,49,28,0
1305,49,29,1
581,49,30,1
3594,49,30,0
4581,49,30,1
2387,49,32,1
3357,49,32,1
797,49,33,1
2609,49,33,1
472,49,34,1
1275,49,34,1
1833,49,34,1
3413,49,37,1
4988,49,37,0
504,49,40,1
1251,49,40,1
3830,49,40,1
2996,49,41,1
3340,49,41,0
2064,49,42,1
2396,49,42,1
1096,49,43,1
2149,49,43,1
2253,49,43,1
2083,49,44,1
2627,49,44,1
3420,49,44,1
2902,49,45,1
540,49,46,1
4472,49,46,1
204,49,47,1
4204,49,47,0
